Sending test notification to user 3
Error sending push notification for user 3: Token not registered
Internal Server Error: /api/test-notification/
Sending test notification to user 3
Error sending push notification for user 3: Token not registered
Internal Server Error: /api/test-notification/
Sending test notification to user 3
Error sending push notification for user 3: Token not registered
Internal Server Error: /api/test-notification/
Error sending push notification for user 3: Token not registered
Bad Request: /api/test-notification/
FCMError while sending push notification for user 3: Token not registered
Bad Request: /api/test-notification/
Watching for file changes with StatReloader
Watching for file changes with StatReloader
Watching for file changes with StatReloader
An unexpected error occurred sending push notification for user 3: Unexpected HTTP response with status: 404; body: <!DOCTYPE html>
<html lang=en>
  <meta charset=utf-8>
  <meta name=viewport content="initial-scale=1, minimum-scale=1, width=device-width">
  <title>Error 404 (Not Found)!!1</title>
  <style>
    *{margin:0;padding:0}html,code{font:15px/22px arial,sans-serif}html{background:#fff;color:#222;padding:15px}body{margin:7% auto 0;max-width:390px;min-height:180px;padding:30px 0 15px}* > body{background:url(//www.google.com/images/errors/robot.png) 100% 5px no-repeat;padding-right:205px}p{margin:11px 0 22px;overflow:hidden}ins{color:#777;text-decoration:none}a img{border:0}@media screen and (max-width:772px){body{background:none;margin-top:0;max-width:none;padding-right:0}}#logo{background:url(//www.google.com/images/branding/googlelogo/1x/googlelogo_color_150x54dp.png) no-repeat;margin-left:-5px}@media only screen and (min-resolution:192dpi){#logo{background:url(//www.google.com/images/branding/googlelogo/2x/googlelogo_color_150x54dp.png) no-repeat 0% 0%/100% 100%;-moz-border-image:url(//www.google.com/images/branding/googlelogo/2x/googlelogo_color_150x54dp.png) 0}}@media only screen and (-webkit-min-device-pixel-ratio:2){#logo{background:url(//www.google.com/images/branding/googlelogo/2x/googlelogo_color_150x54dp.png) no-repeat;-webkit-background-size:100% 100%}}#logo{display:inline-block;height:54px;width:150px}
  </style>
  <a href=//www.google.com/><span id=logo aria-label=Google></span></a>
  <p><b>404.</b> <ins>That’s an error.</ins>
  <p>The requested URL <code>/batch</code> was not found on this server.  <ins>That’s all we know.</ins>

Bad Request: /api/test-notification/
An unexpected error occurred sending push notification for user 3: module 'firebase_admin.messaging' has no attribute 'send_multicast'
Bad Request: /api/test-notification/
Unexpected error sending notification for user 3: send() got an unexpected keyword argument 'token'
Bad Request: /api/test-notification/
Unexpected error sending notification for user 3: send() got an unexpected keyword argument 'token'
Bad Request: /api/test-notification/
Successfully sent message to device 4: projects/fortexpress-5641c/messages/0:1754639807413316%4c3c1fe64c3c1fe6
Notification results for user 3: 1 successful, 0 failed
Successfully sent message to device 4: projects/fortexpress-5641c/messages/0:1754639826610912%4c3c1fe64c3c1fe6
Notification results for user 3: 1 successful, 0 failed
Order 15 status changed from Preparing to Ready for Pickup. Sending notifications.
Successfully sent message to device 4: projects/fortexpress-5641c/messages/0:1754639963212895%4c3c1fe64c3c1fe6
Notification results for user 3: 1 successful, 0 failed
Sent 'Ready for Pickup' notification for order 15 to riders.
Order 14 status changed from Preparing to Ready for Pickup. Sending notifications.
Successfully sent message to device 4: projects/fortexpress-5641c/messages/0:1754639989754157%4c3c1fe64c3c1fe6
Notification results for user 3: 1 successful, 0 failed
Sent 'Ready for Pickup' notification for order 14 to riders.
Order 9 status changed from Pending to Accepted. Sending notifications.
Successfully sent message to device 4: projects/fortexpress-5641c/messages/0:1754639998660870%4c3c1fe64c3c1fe6
Notification results for user 3: 1 successful, 0 failed
Order 9 status changed from Accepted to Preparing. Sending notifications.
Successfully sent message to device 4: projects/fortexpress-5641c/messages/0:1754640003567480%4c3c1fe64c3c1fe6
Notification results for user 3: 1 successful, 0 failed
Order 9 status changed from Preparing to Ready for Pickup. Sending notifications.
Successfully sent message to device 4: projects/fortexpress-5641c/messages/0:1754640008560365%4c3c1fe64c3c1fe6
Notification results for user 3: 1 successful, 0 failed
Sent 'Ready for Pickup' notification for order 9 to riders.
Successfully sent message to device 4: projects/fortexpress-5641c/messages/0:1754641607147307%4c3c1fe64c3c1fe6
Notification results for user 3: 1 successful, 0 failed
Successfully sent message to device 4: projects/fortexpress-5641c/messages/0:1754641607263783%4c3c1fe64c3c1fe6
Notification results for user 3: 1 successful, 0 failed
Not Found: /favicon.ico
Internal Server Error: /admin/api/notificationtemplate/1/send/
Traceback (most recent call last):
  File "C:\Users\masen\AppData\Local\pypoetry\Cache\virtualenvs\food-delivery-hwrk1EDC-py3.12\Lib\site-packages\asgiref\sync.py", line 489, in thread_handler
    raise exc_info[1]
  File "C:\Users\masen\AppData\Local\pypoetry\Cache\virtualenvs\food-delivery-hwrk1EDC-py3.12\Lib\site-packages\django\core\handlers\exception.py", line 42, in inner
    response = await get_response(request)
               ^^^^^^^^^^^^^^^^^^^^^^^^^^^
  File "C:\Users\masen\AppData\Local\pypoetry\Cache\virtualenvs\food-delivery-hwrk1EDC-py3.12\Lib\site-packages\asgiref\sync.py", line 489, in thread_handler
    raise exc_info[1]
  File "C:\Users\masen\AppData\Local\pypoetry\Cache\virtualenvs\food-delivery-hwrk1EDC-py3.12\Lib\site-packages\django\core\handlers\base.py", line 253, in _get_response_async
    response = await wrapped_callback(
               ^^^^^^^^^^^^^^^^^^^^^^^
  File "C:\Users\masen\AppData\Local\pypoetry\Cache\virtualenvs\food-delivery-hwrk1EDC-py3.12\Lib\site-packages\asgiref\sync.py", line 439, in __call__
    ret = await asyncio.shield(exec_coro)
          ^^^^^^^^^^^^^^^^^^^^^^^^^^^^^^^
  File "C:\Users\masen\AppData\Local\pypoetry\Cache\virtualenvs\food-delivery-hwrk1EDC-py3.12\Lib\site-packages\asgiref\current_thread_executor.py", line 40, in run
    result = self.fn(*self.args, **self.kwargs)
             ^^^^^^^^^^^^^^^^^^^^^^^^^^^^^^^^^^
  File "C:\Users\masen\AppData\Local\pypoetry\Cache\virtualenvs\food-delivery-hwrk1EDC-py3.12\Lib\site-packages\asgiref\sync.py", line 493, in thread_handler
    return func(*args, **kwargs)
           ^^^^^^^^^^^^^^^^^^^^^
  File "C:\Users\masen\AppData\Local\pypoetry\Cache\virtualenvs\food-delivery-hwrk1EDC-py3.12\Lib\site-packages\django\utils\decorators.py", line 192, in _view_wrapper
    result = _process_exception(request, e)
             ^^^^^^^^^^^^^^^^^^^^^^^^^^^^^^
  File "C:\Users\masen\AppData\Local\pypoetry\Cache\virtualenvs\food-delivery-hwrk1EDC-py3.12\Lib\site-packages\django\utils\decorators.py", line 190, in _view_wrapper
    response = view_func(request, *args, **kwargs)
               ^^^^^^^^^^^^^^^^^^^^^^^^^^^^^^^^^^^
  File "C:\Users\masen\AppData\Local\pypoetry\Cache\virtualenvs\food-delivery-hwrk1EDC-py3.12\Lib\site-packages\django\views\decorators\cache.py", line 80, in _view_wrapper
    response = view_func(request, *args, **kwargs)
               ^^^^^^^^^^^^^^^^^^^^^^^^^^^^^^^^^^^
  File "C:\Users\masen\AppData\Local\pypoetry\Cache\virtualenvs\food-delivery-hwrk1EDC-py3.12\Lib\site-packages\django\contrib\admin\sites.py", line 246, in inner
    return view(request, *args, **kwargs)
           ^^^^^^^^^^^^^^^^^^^^^^^^^^^^^^
  File "C:\Users\masen\CascadeProjects\food-delivery-app\backend\api\admin.py", line 93, in send_template_view
    return render(request, 'admin/send_template_form.html', context)
           ^^^^^^^^^^^^^^^^^^^^^^^^^^^^^^^^^^^^^^^^^^^^^^^^^^^^^^^^^
  File "C:\Users\masen\AppData\Local\pypoetry\Cache\virtualenvs\food-delivery-hwrk1EDC-py3.12\Lib\site-packages\django\shortcuts.py", line 25, in render
    content = loader.render_to_string(template_name, context, request, using=using)
              ^^^^^^^^^^^^^^^^^^^^^^^^^^^^^^^^^^^^^^^^^^^^^^^^^^^^^^^^^^^^^^^^^^^^^
  File "C:\Users\masen\AppData\Local\pypoetry\Cache\virtualenvs\food-delivery-hwrk1EDC-py3.12\Lib\site-packages\django\template\loader.py", line 61, in render_to_string
    template = get_template(template_name, using=using)
               ^^^^^^^^^^^^^^^^^^^^^^^^^^^^^^^^^^^^^^^^
  File "C:\Users\masen\AppData\Local\pypoetry\Cache\virtualenvs\food-delivery-hwrk1EDC-py3.12\Lib\site-packages\django\template\loader.py", line 19, in get_template
    raise TemplateDoesNotExist(template_name, chain=chain)
django.template.exceptions.TemplateDoesNotExist: admin/send_template_form.html
Internal Server Error: /admin/api/notificationtemplate/1/send/
Traceback (most recent call last):
  File "C:\Users\masen\AppData\Local\pypoetry\Cache\virtualenvs\food-delivery-hwrk1EDC-py3.12\Lib\site-packages\asgiref\sync.py", line 489, in thread_handler
    raise exc_info[1]
  File "C:\Users\masen\AppData\Local\pypoetry\Cache\virtualenvs\food-delivery-hwrk1EDC-py3.12\Lib\site-packages\django\core\handlers\exception.py", line 42, in inner
    response = await get_response(request)
               ^^^^^^^^^^^^^^^^^^^^^^^^^^^
  File "C:\Users\masen\AppData\Local\pypoetry\Cache\virtualenvs\food-delivery-hwrk1EDC-py3.12\Lib\site-packages\asgiref\sync.py", line 489, in thread_handler
    raise exc_info[1]
  File "C:\Users\masen\AppData\Local\pypoetry\Cache\virtualenvs\food-delivery-hwrk1EDC-py3.12\Lib\site-packages\django\core\handlers\base.py", line 253, in _get_response_async
    response = await wrapped_callback(
               ^^^^^^^^^^^^^^^^^^^^^^^
  File "C:\Users\masen\AppData\Local\pypoetry\Cache\virtualenvs\food-delivery-hwrk1EDC-py3.12\Lib\site-packages\asgiref\sync.py", line 439, in __call__
    ret = await asyncio.shield(exec_coro)
          ^^^^^^^^^^^^^^^^^^^^^^^^^^^^^^^
  File "C:\Users\masen\AppData\Local\pypoetry\Cache\virtualenvs\food-delivery-hwrk1EDC-py3.12\Lib\site-packages\asgiref\current_thread_executor.py", line 40, in run
    result = self.fn(*self.args, **self.kwargs)
             ^^^^^^^^^^^^^^^^^^^^^^^^^^^^^^^^^^
  File "C:\Users\masen\AppData\Local\pypoetry\Cache\virtualenvs\food-delivery-hwrk1EDC-py3.12\Lib\site-packages\asgiref\sync.py", line 493, in thread_handler
    return func(*args, **kwargs)
           ^^^^^^^^^^^^^^^^^^^^^
  File "C:\Users\masen\AppData\Local\pypoetry\Cache\virtualenvs\food-delivery-hwrk1EDC-py3.12\Lib\site-packages\django\utils\decorators.py", line 192, in _view_wrapper
    result = _process_exception(request, e)
             ^^^^^^^^^^^^^^^^^^^^^^^^^^^^^^
  File "C:\Users\masen\AppData\Local\pypoetry\Cache\virtualenvs\food-delivery-hwrk1EDC-py3.12\Lib\site-packages\django\utils\decorators.py", line 190, in _view_wrapper
    response = view_func(request, *args, **kwargs)
               ^^^^^^^^^^^^^^^^^^^^^^^^^^^^^^^^^^^
  File "C:\Users\masen\AppData\Local\pypoetry\Cache\virtualenvs\food-delivery-hwrk1EDC-py3.12\Lib\site-packages\django\views\decorators\cache.py", line 80, in _view_wrapper
    response = view_func(request, *args, **kwargs)
               ^^^^^^^^^^^^^^^^^^^^^^^^^^^^^^^^^^^
  File "C:\Users\masen\AppData\Local\pypoetry\Cache\virtualenvs\food-delivery-hwrk1EDC-py3.12\Lib\site-packages\django\contrib\admin\sites.py", line 246, in inner
    return view(request, *args, **kwargs)
           ^^^^^^^^^^^^^^^^^^^^^^^^^^^^^^
  File "C:\Users\masen\CascadeProjects\food-delivery-app\backend\api\admin.py", line 93, in send_template_view
    return render(request, 'admin/send_template_form.html', context)
           ^^^^^^^^^^^^^^^^^^^^^^^^^^^^^^^^^^^^^^^^^^^^^^^^^^^^^^^^^
  File "C:\Users\masen\AppData\Local\pypoetry\Cache\virtualenvs\food-delivery-hwrk1EDC-py3.12\Lib\site-packages\django\shortcuts.py", line 25, in render
    content = loader.render_to_string(template_name, context, request, using=using)
              ^^^^^^^^^^^^^^^^^^^^^^^^^^^^^^^^^^^^^^^^^^^^^^^^^^^^^^^^^^^^^^^^^^^^^
  File "C:\Users\masen\AppData\Local\pypoetry\Cache\virtualenvs\food-delivery-hwrk1EDC-py3.12\Lib\site-packages\django\template\loader.py", line 61, in render_to_string
    template = get_template(template_name, using=using)
               ^^^^^^^^^^^^^^^^^^^^^^^^^^^^^^^^^^^^^^^^
  File "C:\Users\masen\AppData\Local\pypoetry\Cache\virtualenvs\food-delivery-hwrk1EDC-py3.12\Lib\site-packages\django\template\loader.py", line 19, in get_template
    raise TemplateDoesNotExist(template_name, chain=chain)
django.template.exceptions.TemplateDoesNotExist: admin/send_template_form.html
Order 10 status changed from Accepted to Preparing. Sending notifications.
Not Found: /api/restaurants/dashboard-menu/
Not Found: /api/restaurants/dashboard-menu/
Not Found: /api/restaurants/dashboard-menu/
Not Found: /api/restaurants/dashboard-menu/
Order 12 status changed from Accepted to Preparing. Sending notifications.
Internal Server Error: /api/cart-items/
Traceback (most recent call last):
  File "C:\Users\masen\AppData\Local\pypoetry\Cache\virtualenvs\food-delivery-hwrk1EDC-py3.12\Lib\site-packages\asgiref\sync.py", line 489, in thread_handler
    raise exc_info[1]
  File "C:\Users\masen\AppData\Local\pypoetry\Cache\virtualenvs\food-delivery-hwrk1EDC-py3.12\Lib\site-packages\django\core\handlers\exception.py", line 42, in inner
    response = await get_response(request)
               ^^^^^^^^^^^^^^^^^^^^^^^^^^^
  File "C:\Users\masen\AppData\Local\pypoetry\Cache\virtualenvs\food-delivery-hwrk1EDC-py3.12\Lib\site-packages\asgiref\sync.py", line 489, in thread_handler
    raise exc_info[1]
  File "C:\Users\masen\AppData\Local\pypoetry\Cache\virtualenvs\food-delivery-hwrk1EDC-py3.12\Lib\site-packages\django\core\handlers\base.py", line 253, in _get_response_async
    response = await wrapped_callback(
               ^^^^^^^^^^^^^^^^^^^^^^^
  File "C:\Users\masen\AppData\Local\pypoetry\Cache\virtualenvs\food-delivery-hwrk1EDC-py3.12\Lib\site-packages\asgiref\sync.py", line 439, in __call__
    ret = await asyncio.shield(exec_coro)
          ^^^^^^^^^^^^^^^^^^^^^^^^^^^^^^^
  File "C:\Users\masen\AppData\Local\pypoetry\Cache\virtualenvs\food-delivery-hwrk1EDC-py3.12\Lib\site-packages\asgiref\current_thread_executor.py", line 40, in run
    result = self.fn(*self.args, **self.kwargs)
             ^^^^^^^^^^^^^^^^^^^^^^^^^^^^^^^^^^
  File "C:\Users\masen\AppData\Local\pypoetry\Cache\virtualenvs\food-delivery-hwrk1EDC-py3.12\Lib\site-packages\asgiref\sync.py", line 493, in thread_handler
    return func(*args, **kwargs)
           ^^^^^^^^^^^^^^^^^^^^^
  File "C:\Users\masen\AppData\Local\pypoetry\Cache\virtualenvs\food-delivery-hwrk1EDC-py3.12\Lib\site-packages\django\views\decorators\csrf.py", line 65, in _view_wrapper
    return view_func(request, *args, **kwargs)
           ^^^^^^^^^^^^^^^^^^^^^^^^^^^^^^^^^^^
  File "C:\Users\masen\AppData\Local\pypoetry\Cache\virtualenvs\food-delivery-hwrk1EDC-py3.12\Lib\site-packages\rest_framework\viewsets.py", line 125, in view
    return self.dispatch(request, *args, **kwargs)
           ^^^^^^^^^^^^^^^^^^^^^^^^^^^^^^^^^^^^^^^
  File "C:\Users\masen\AppData\Local\pypoetry\Cache\virtualenvs\food-delivery-hwrk1EDC-py3.12\Lib\site-packages\rest_framework\views.py", line 515, in dispatch
    response = self.handle_exception(exc)
               ^^^^^^^^^^^^^^^^^^^^^^^^^^
  File "C:\Users\masen\AppData\Local\pypoetry\Cache\virtualenvs\food-delivery-hwrk1EDC-py3.12\Lib\site-packages\rest_framework\views.py", line 475, in handle_exception
    self.raise_uncaught_exception(exc)
  File "C:\Users\masen\AppData\Local\pypoetry\Cache\virtualenvs\food-delivery-hwrk1EDC-py3.12\Lib\site-packages\rest_framework\views.py", line 486, in raise_uncaught_exception
    raise exc
  File "C:\Users\masen\AppData\Local\pypoetry\Cache\virtualenvs\food-delivery-hwrk1EDC-py3.12\Lib\site-packages\rest_framework\views.py", line 512, in dispatch
    response = handler(request, *args, **kwargs)
               ^^^^^^^^^^^^^^^^^^^^^^^^^^^^^^^^^
  File "C:\Users\masen\AppData\Local\pypoetry\Cache\virtualenvs\food-delivery-hwrk1EDC-py3.12\Lib\site-packages\rest_framework\mixins.py", line 19, in create
    self.perform_create(serializer)
  File "C:\Users\masen\AppData\Local\pypoetry\Cache\virtualenvs\food-delivery-hwrk1EDC-py3.12\Lib\site-packages\rest_framework\mixins.py", line 24, in perform_create
    serializer.save()
  File "C:\Users\masen\AppData\Local\pypoetry\Cache\virtualenvs\food-delivery-hwrk1EDC-py3.12\Lib\site-packages\rest_framework\serializers.py", line 210, in save
    self.instance = self.create(validated_data)
                    ^^^^^^^^^^^^^^^^^^^^^^^^^^^
  File "C:\Users\masen\CascadeProjects\food-delivery-app\backend\api\serializers.py", line 198, in create
    menu_item = validated_data.pop('menu_item')
                ^^^^^^^^^^^^^^^^^^^^^^^^^^^^^^^
KeyError: 'menu_item'
Internal Server Error: /api/cart-items/
Traceback (most recent call last):
  File "C:\Users\masen\AppData\Local\pypoetry\Cache\virtualenvs\food-delivery-hwrk1EDC-py3.12\Lib\site-packages\asgiref\sync.py", line 489, in thread_handler
    raise exc_info[1]
  File "C:\Users\masen\AppData\Local\pypoetry\Cache\virtualenvs\food-delivery-hwrk1EDC-py3.12\Lib\site-packages\django\core\handlers\exception.py", line 42, in inner
    response = await get_response(request)
               ^^^^^^^^^^^^^^^^^^^^^^^^^^^
  File "C:\Users\masen\AppData\Local\pypoetry\Cache\virtualenvs\food-delivery-hwrk1EDC-py3.12\Lib\site-packages\asgiref\sync.py", line 489, in thread_handler
    raise exc_info[1]
  File "C:\Users\masen\AppData\Local\pypoetry\Cache\virtualenvs\food-delivery-hwrk1EDC-py3.12\Lib\site-packages\django\core\handlers\base.py", line 253, in _get_response_async
    response = await wrapped_callback(
               ^^^^^^^^^^^^^^^^^^^^^^^
  File "C:\Users\masen\AppData\Local\pypoetry\Cache\virtualenvs\food-delivery-hwrk1EDC-py3.12\Lib\site-packages\asgiref\sync.py", line 439, in __call__
    ret = await asyncio.shield(exec_coro)
          ^^^^^^^^^^^^^^^^^^^^^^^^^^^^^^^
  File "C:\Users\masen\AppData\Local\pypoetry\Cache\virtualenvs\food-delivery-hwrk1EDC-py3.12\Lib\site-packages\asgiref\current_thread_executor.py", line 40, in run
    result = self.fn(*self.args, **self.kwargs)
             ^^^^^^^^^^^^^^^^^^^^^^^^^^^^^^^^^^
  File "C:\Users\masen\AppData\Local\pypoetry\Cache\virtualenvs\food-delivery-hwrk1EDC-py3.12\Lib\site-packages\asgiref\sync.py", line 493, in thread_handler
    return func(*args, **kwargs)
           ^^^^^^^^^^^^^^^^^^^^^
  File "C:\Users\masen\AppData\Local\pypoetry\Cache\virtualenvs\food-delivery-hwrk1EDC-py3.12\Lib\site-packages\django\views\decorators\csrf.py", line 65, in _view_wrapper
    return view_func(request, *args, **kwargs)
           ^^^^^^^^^^^^^^^^^^^^^^^^^^^^^^^^^^^
  File "C:\Users\masen\AppData\Local\pypoetry\Cache\virtualenvs\food-delivery-hwrk1EDC-py3.12\Lib\site-packages\rest_framework\viewsets.py", line 125, in view
    return self.dispatch(request, *args, **kwargs)
           ^^^^^^^^^^^^^^^^^^^^^^^^^^^^^^^^^^^^^^^
  File "C:\Users\masen\AppData\Local\pypoetry\Cache\virtualenvs\food-delivery-hwrk1EDC-py3.12\Lib\site-packages\rest_framework\views.py", line 515, in dispatch
    response = self.handle_exception(exc)
               ^^^^^^^^^^^^^^^^^^^^^^^^^^
  File "C:\Users\masen\AppData\Local\pypoetry\Cache\virtualenvs\food-delivery-hwrk1EDC-py3.12\Lib\site-packages\rest_framework\views.py", line 475, in handle_exception
    self.raise_uncaught_exception(exc)
  File "C:\Users\masen\AppData\Local\pypoetry\Cache\virtualenvs\food-delivery-hwrk1EDC-py3.12\Lib\site-packages\rest_framework\views.py", line 486, in raise_uncaught_exception
    raise exc
  File "C:\Users\masen\AppData\Local\pypoetry\Cache\virtualenvs\food-delivery-hwrk1EDC-py3.12\Lib\site-packages\rest_framework\views.py", line 512, in dispatch
    response = handler(request, *args, **kwargs)
               ^^^^^^^^^^^^^^^^^^^^^^^^^^^^^^^^^
  File "C:\Users\masen\AppData\Local\pypoetry\Cache\virtualenvs\food-delivery-hwrk1EDC-py3.12\Lib\site-packages\rest_framework\mixins.py", line 19, in create
    self.perform_create(serializer)
  File "C:\Users\masen\AppData\Local\pypoetry\Cache\virtualenvs\food-delivery-hwrk1EDC-py3.12\Lib\site-packages\rest_framework\mixins.py", line 24, in perform_create
    serializer.save()
  File "C:\Users\masen\AppData\Local\pypoetry\Cache\virtualenvs\food-delivery-hwrk1EDC-py3.12\Lib\site-packages\rest_framework\serializers.py", line 210, in save
    self.instance = self.create(validated_data)
                    ^^^^^^^^^^^^^^^^^^^^^^^^^^^
  File "C:\Users\masen\CascadeProjects\food-delivery-app\backend\api\serializers.py", line 198, in create
    menu_item = validated_data.pop('menu_item')
                ^^^^^^^^^^^^^^^^^^^^^^^^^^^^^^^
KeyError: 'menu_item'
Internal Server Error: /api/cart-items/
Traceback (most recent call last):
  File "C:\Users\masen\AppData\Local\pypoetry\Cache\virtualenvs\food-delivery-hwrk1EDC-py3.12\Lib\site-packages\asgiref\sync.py", line 489, in thread_handler
    raise exc_info[1]
  File "C:\Users\masen\AppData\Local\pypoetry\Cache\virtualenvs\food-delivery-hwrk1EDC-py3.12\Lib\site-packages\django\core\handlers\exception.py", line 42, in inner
    response = await get_response(request)
               ^^^^^^^^^^^^^^^^^^^^^^^^^^^
  File "C:\Users\masen\AppData\Local\pypoetry\Cache\virtualenvs\food-delivery-hwrk1EDC-py3.12\Lib\site-packages\asgiref\sync.py", line 489, in thread_handler
    raise exc_info[1]
  File "C:\Users\masen\AppData\Local\pypoetry\Cache\virtualenvs\food-delivery-hwrk1EDC-py3.12\Lib\site-packages\django\core\handlers\base.py", line 253, in _get_response_async
    response = await wrapped_callback(
               ^^^^^^^^^^^^^^^^^^^^^^^
  File "C:\Users\masen\AppData\Local\pypoetry\Cache\virtualenvs\food-delivery-hwrk1EDC-py3.12\Lib\site-packages\asgiref\sync.py", line 439, in __call__
    ret = await asyncio.shield(exec_coro)
          ^^^^^^^^^^^^^^^^^^^^^^^^^^^^^^^
  File "C:\Users\masen\AppData\Local\pypoetry\Cache\virtualenvs\food-delivery-hwrk1EDC-py3.12\Lib\site-packages\asgiref\current_thread_executor.py", line 40, in run
    result = self.fn(*self.args, **self.kwargs)
             ^^^^^^^^^^^^^^^^^^^^^^^^^^^^^^^^^^
  File "C:\Users\masen\AppData\Local\pypoetry\Cache\virtualenvs\food-delivery-hwrk1EDC-py3.12\Lib\site-packages\asgiref\sync.py", line 493, in thread_handler
    return func(*args, **kwargs)
           ^^^^^^^^^^^^^^^^^^^^^
  File "C:\Users\masen\AppData\Local\pypoetry\Cache\virtualenvs\food-delivery-hwrk1EDC-py3.12\Lib\site-packages\django\views\decorators\csrf.py", line 65, in _view_wrapper
    return view_func(request, *args, **kwargs)
           ^^^^^^^^^^^^^^^^^^^^^^^^^^^^^^^^^^^
  File "C:\Users\masen\AppData\Local\pypoetry\Cache\virtualenvs\food-delivery-hwrk1EDC-py3.12\Lib\site-packages\rest_framework\viewsets.py", line 125, in view
    return self.dispatch(request, *args, **kwargs)
           ^^^^^^^^^^^^^^^^^^^^^^^^^^^^^^^^^^^^^^^
  File "C:\Users\masen\AppData\Local\pypoetry\Cache\virtualenvs\food-delivery-hwrk1EDC-py3.12\Lib\site-packages\rest_framework\views.py", line 515, in dispatch
    response = self.handle_exception(exc)
               ^^^^^^^^^^^^^^^^^^^^^^^^^^
  File "C:\Users\masen\AppData\Local\pypoetry\Cache\virtualenvs\food-delivery-hwrk1EDC-py3.12\Lib\site-packages\rest_framework\views.py", line 475, in handle_exception
    self.raise_uncaught_exception(exc)
  File "C:\Users\masen\AppData\Local\pypoetry\Cache\virtualenvs\food-delivery-hwrk1EDC-py3.12\Lib\site-packages\rest_framework\views.py", line 486, in raise_uncaught_exception
    raise exc
  File "C:\Users\masen\AppData\Local\pypoetry\Cache\virtualenvs\food-delivery-hwrk1EDC-py3.12\Lib\site-packages\rest_framework\views.py", line 512, in dispatch
    response = handler(request, *args, **kwargs)
               ^^^^^^^^^^^^^^^^^^^^^^^^^^^^^^^^^
  File "C:\Users\masen\AppData\Local\pypoetry\Cache\virtualenvs\food-delivery-hwrk1EDC-py3.12\Lib\site-packages\rest_framework\mixins.py", line 19, in create
    self.perform_create(serializer)
  File "C:\Users\masen\AppData\Local\pypoetry\Cache\virtualenvs\food-delivery-hwrk1EDC-py3.12\Lib\site-packages\rest_framework\mixins.py", line 24, in perform_create
    serializer.save()
  File "C:\Users\masen\AppData\Local\pypoetry\Cache\virtualenvs\food-delivery-hwrk1EDC-py3.12\Lib\site-packages\rest_framework\serializers.py", line 210, in save
    self.instance = self.create(validated_data)
                    ^^^^^^^^^^^^^^^^^^^^^^^^^^^
  File "C:\Users\masen\CascadeProjects\food-delivery-app\backend\api\serializers.py", line 198, in create
    menu_item = validated_data.pop('menu_item')
                ^^^^^^^^^^^^^^^^^^^^^^^^^^^^^^^
KeyError: 'menu_item'
Bad Request: /api/cart-items/
Order 10 status changed from Preparing to Ready for Pickup. Sending notifications.
Sent 'Ready for Pickup' notification for order 10 to riders.
Sent order status update for order 10 to group restaurant_5
Sent 'Ready for Pickup' notification for order 10 to riders.
Bad Request: /api/cart-items/
Not Found: /api/cart/
Sent new order notification for order 16 to group restaurant_5
Order 16 status changed from Pending to Accepted. Sending notifications.
Sent order status update for order 16 to group restaurant_5
Order 11 status changed from Accepted to Preparing. Sending notifications.
Sent order status update for order 11 to group restaurant_5
Bad Request: /api/orders/
Internal Server Error: /admin/api/notificationtemplate/
Traceback (most recent call last):
  File "C:\Users\masen\AppData\Local\pypoetry\Cache\virtualenvs\food-delivery-hwrk1EDC-py3.12\Lib\site-packages\django\db\models\options.py", line 683, in get_field
    return self.fields_map[field_name]
           ~~~~~~~~~~~~~~~^^^^^^^^^^^^
KeyError: 'send_test_action'

During handling of the above exception, another exception occurred:

Traceback (most recent call last):
  File "C:\Users\masen\AppData\Local\pypoetry\Cache\virtualenvs\food-delivery-hwrk1EDC-py3.12\Lib\site-packages\django\contrib\admin\utils.py", line 290, in lookup_field
    f = _get_non_gfk_field(opts, name)
        ^^^^^^^^^^^^^^^^^^^^^^^^^^^^^^
  File "C:\Users\masen\AppData\Local\pypoetry\Cache\virtualenvs\food-delivery-hwrk1EDC-py3.12\Lib\site-packages\django\contrib\admin\utils.py", line 330, in _get_non_gfk_field
    field = opts.get_field(name)
            ^^^^^^^^^^^^^^^^^^^^
  File "C:\Users\masen\AppData\Local\pypoetry\Cache\virtualenvs\food-delivery-hwrk1EDC-py3.12\Lib\site-packages\django\db\models\options.py", line 685, in get_field
    raise FieldDoesNotExist(
django.core.exceptions.FieldDoesNotExist: NotificationTemplate has no field named 'send_test_action'

During handling of the above exception, another exception occurred:

Traceback (most recent call last):
  File "C:\Users\masen\AppData\Local\pypoetry\Cache\virtualenvs\food-delivery-hwrk1EDC-py3.12\Lib\site-packages\asgiref\sync.py", line 489, in thread_handler
    raise exc_info[1]
  File "C:\Users\masen\AppData\Local\pypoetry\Cache\virtualenvs\food-delivery-hwrk1EDC-py3.12\Lib\site-packages\django\core\handlers\exception.py", line 42, in inner
    response = await get_response(request)
               ^^^^^^^^^^^^^^^^^^^^^^^^^^^
  File "C:\Users\masen\AppData\Local\pypoetry\Cache\virtualenvs\food-delivery-hwrk1EDC-py3.12\Lib\site-packages\asgiref\sync.py", line 489, in thread_handler
    raise exc_info[1]
  File "C:\Users\masen\AppData\Local\pypoetry\Cache\virtualenvs\food-delivery-hwrk1EDC-py3.12\Lib\site-packages\django\core\handlers\base.py", line 284, in _get_response_async
    response = await sync_to_async(
               ^^^^^^^^^^^^^^^^^^^^
  File "C:\Users\masen\AppData\Local\pypoetry\Cache\virtualenvs\food-delivery-hwrk1EDC-py3.12\Lib\site-packages\asgiref\sync.py", line 439, in __call__
    ret = await asyncio.shield(exec_coro)
          ^^^^^^^^^^^^^^^^^^^^^^^^^^^^^^^
  File "C:\Users\masen\AppData\Local\pypoetry\Cache\virtualenvs\food-delivery-hwrk1EDC-py3.12\Lib\site-packages\asgiref\current_thread_executor.py", line 40, in run
    result = self.fn(*self.args, **self.kwargs)
             ^^^^^^^^^^^^^^^^^^^^^^^^^^^^^^^^^^
  File "C:\Users\masen\AppData\Local\pypoetry\Cache\virtualenvs\food-delivery-hwrk1EDC-py3.12\Lib\site-packages\asgiref\sync.py", line 493, in thread_handler
    return func(*args, **kwargs)
           ^^^^^^^^^^^^^^^^^^^^^
  File "C:\Users\masen\AppData\Local\pypoetry\Cache\virtualenvs\food-delivery-hwrk1EDC-py3.12\Lib\site-packages\django\template\response.py", line 114, in render
    self.content = self.rendered_content
                   ^^^^^^^^^^^^^^^^^^^^^
  File "C:\Users\masen\AppData\Local\pypoetry\Cache\virtualenvs\food-delivery-hwrk1EDC-py3.12\Lib\site-packages\django\template\response.py", line 92, in rendered_content
    return template.render(context, self._request)
           ^^^^^^^^^^^^^^^^^^^^^^^^^^^^^^^^^^^^^^^
  File "C:\Users\masen\AppData\Local\pypoetry\Cache\virtualenvs\food-delivery-hwrk1EDC-py3.12\Lib\site-packages\django\template\backends\django.py", line 107, in render
    return self.template.render(context)
           ^^^^^^^^^^^^^^^^^^^^^^^^^^^^^
  File "C:\Users\masen\AppData\Local\pypoetry\Cache\virtualenvs\food-delivery-hwrk1EDC-py3.12\Lib\site-packages\django\template\base.py", line 171, in render
    return self._render(context)
           ^^^^^^^^^^^^^^^^^^^^^
  File "C:\Users\masen\AppData\Local\pypoetry\Cache\virtualenvs\food-delivery-hwrk1EDC-py3.12\Lib\site-packages\django\template\base.py", line 163, in _render
    return self.nodelist.render(context)
           ^^^^^^^^^^^^^^^^^^^^^^^^^^^^^
  File "C:\Users\masen\AppData\Local\pypoetry\Cache\virtualenvs\food-delivery-hwrk1EDC-py3.12\Lib\site-packages\django\template\base.py", line 1016, in render
    return SafeString("".join([node.render_annotated(context) for node in self]))
                               ^^^^^^^^^^^^^^^^^^^^^^^^^^^^^^
  File "C:\Users\masen\AppData\Local\pypoetry\Cache\virtualenvs\food-delivery-hwrk1EDC-py3.12\Lib\site-packages\django\template\base.py", line 977, in render_annotated
    return self.render(context)
           ^^^^^^^^^^^^^^^^^^^^
  File "C:\Users\masen\AppData\Local\pypoetry\Cache\virtualenvs\food-delivery-hwrk1EDC-py3.12\Lib\site-packages\django\template\loader_tags.py", line 159, in render
    return compiled_parent._render(context)
           ^^^^^^^^^^^^^^^^^^^^^^^^^^^^^^^^
  File "C:\Users\masen\AppData\Local\pypoetry\Cache\virtualenvs\food-delivery-hwrk1EDC-py3.12\Lib\site-packages\django\template\base.py", line 163, in _render
    return self.nodelist.render(context)
           ^^^^^^^^^^^^^^^^^^^^^^^^^^^^^
  File "C:\Users\masen\AppData\Local\pypoetry\Cache\virtualenvs\food-delivery-hwrk1EDC-py3.12\Lib\site-packages\django\template\base.py", line 1016, in render
    return SafeString("".join([node.render_annotated(context) for node in self]))
                               ^^^^^^^^^^^^^^^^^^^^^^^^^^^^^^
  File "C:\Users\masen\AppData\Local\pypoetry\Cache\virtualenvs\food-delivery-hwrk1EDC-py3.12\Lib\site-packages\django\template\base.py", line 977, in render_annotated
    return self.render(context)
           ^^^^^^^^^^^^^^^^^^^^
  File "C:\Users\masen\AppData\Local\pypoetry\Cache\virtualenvs\food-delivery-hwrk1EDC-py3.12\Lib\site-packages\django\template\loader_tags.py", line 159, in render
    return compiled_parent._render(context)
           ^^^^^^^^^^^^^^^^^^^^^^^^^^^^^^^^
  File "C:\Users\masen\AppData\Local\pypoetry\Cache\virtualenvs\food-delivery-hwrk1EDC-py3.12\Lib\site-packages\django\template\base.py", line 163, in _render
    return self.nodelist.render(context)
           ^^^^^^^^^^^^^^^^^^^^^^^^^^^^^
  File "C:\Users\masen\AppData\Local\pypoetry\Cache\virtualenvs\food-delivery-hwrk1EDC-py3.12\Lib\site-packages\django\template\base.py", line 1016, in render
    return SafeString("".join([node.render_annotated(context) for node in self]))
                               ^^^^^^^^^^^^^^^^^^^^^^^^^^^^^^
  File "C:\Users\masen\AppData\Local\pypoetry\Cache\virtualenvs\food-delivery-hwrk1EDC-py3.12\Lib\site-packages\django\template\base.py", line 977, in render_annotated
    return self.render(context)
           ^^^^^^^^^^^^^^^^^^^^
  File "C:\Users\masen\AppData\Local\pypoetry\Cache\virtualenvs\food-delivery-hwrk1EDC-py3.12\Lib\site-packages\django\template\loader_tags.py", line 65, in render
    result = block.nodelist.render(context)
             ^^^^^^^^^^^^^^^^^^^^^^^^^^^^^^
  File "C:\Users\masen\AppData\Local\pypoetry\Cache\virtualenvs\food-delivery-hwrk1EDC-py3.12\Lib\site-packages\django\template\base.py", line 1016, in render
    return SafeString("".join([node.render_annotated(context) for node in self]))
                               ^^^^^^^^^^^^^^^^^^^^^^^^^^^^^^
  File "C:\Users\masen\AppData\Local\pypoetry\Cache\virtualenvs\food-delivery-hwrk1EDC-py3.12\Lib\site-packages\django\template\base.py", line 977, in render_annotated
    return self.render(context)
           ^^^^^^^^^^^^^^^^^^^^
  File "C:\Users\masen\AppData\Local\pypoetry\Cache\virtualenvs\food-delivery-hwrk1EDC-py3.12\Lib\site-packages\django\template\loader_tags.py", line 65, in render
    result = block.nodelist.render(context)
             ^^^^^^^^^^^^^^^^^^^^^^^^^^^^^^
  File "C:\Users\masen\AppData\Local\pypoetry\Cache\virtualenvs\food-delivery-hwrk1EDC-py3.12\Lib\site-packages\django\template\base.py", line 1016, in render
    return SafeString("".join([node.render_annotated(context) for node in self]))
                               ^^^^^^^^^^^^^^^^^^^^^^^^^^^^^^
  File "C:\Users\masen\AppData\Local\pypoetry\Cache\virtualenvs\food-delivery-hwrk1EDC-py3.12\Lib\site-packages\django\template\base.py", line 977, in render_annotated
    return self.render(context)
           ^^^^^^^^^^^^^^^^^^^^
  File "C:\Users\masen\AppData\Local\pypoetry\Cache\virtualenvs\food-delivery-hwrk1EDC-py3.12\Lib\site-packages\django\contrib\admin\templatetags\base.py", line 45, in render
    return super().render(context)
           ^^^^^^^^^^^^^^^^^^^^^^^
  File "C:\Users\masen\AppData\Local\pypoetry\Cache\virtualenvs\food-delivery-hwrk1EDC-py3.12\Lib\site-packages\django\template\library.py", line 359, in render
    _dict = self.func(*resolved_args, **resolved_kwargs)
            ^^^^^^^^^^^^^^^^^^^^^^^^^^^^^^^^^^^^^^^^^^^^
  File "C:\Users\masen\AppData\Local\pypoetry\Cache\virtualenvs\food-delivery-hwrk1EDC-py3.12\Lib\site-packages\django\contrib\admin\templatetags\admin_list.py", line 354, in result_list
    "results": list(results(cl)),
               ^^^^^^^^^^^^^^^^^
  File "C:\Users\masen\AppData\Local\pypoetry\Cache\virtualenvs\food-delivery-hwrk1EDC-py3.12\Lib\site-packages\django\contrib\admin\templatetags\admin_list.py", line 330, in results
    yield ResultList(None, items_for_result(cl, res, None))
          ^^^^^^^^^^^^^^^^^^^^^^^^^^^^^^^^^^^^^^^^^^^^^^^^^
  File "C:\Users\masen\AppData\Local\pypoetry\Cache\virtualenvs\food-delivery-hwrk1EDC-py3.12\Lib\site-packages\django\contrib\admin\templatetags\admin_list.py", line 321, in __init__
    super().__init__(*items)
  File "C:\Users\masen\AppData\Local\pypoetry\Cache\virtualenvs\food-delivery-hwrk1EDC-py3.12\Lib\site-packages\django\contrib\admin\templatetags\admin_list.py", line 219, in items_for_result
    f, attr, value = lookup_field(field_name, result, cl.model_admin)
                     ^^^^^^^^^^^^^^^^^^^^^^^^^^^^^^^^^^^^^^^^^^^^^^^^
  File "C:\Users\masen\AppData\Local\pypoetry\Cache\virtualenvs\food-delivery-hwrk1EDC-py3.12\Lib\site-packages\django\contrib\admin\utils.py", line 299, in lookup_field
    value = attr(obj)
            ^^^^^^^^^
  File "C:\Users\masen\CascadeProjects\food-delivery-app\backend\api\admin.py", line 72, in send_test_action
    reverse('admin:api_notificationtemplate_send_bulk', args=[obj.pk])
  File "C:\Users\masen\AppData\Local\pypoetry\Cache\virtualenvs\food-delivery-hwrk1EDC-py3.12\Lib\site-packages\django\urls\base.py", line 98, in reverse
    resolved_url = resolver._reverse_with_prefix(view, prefix, *args, **kwargs)
                   ^^^^^^^^^^^^^^^^^^^^^^^^^^^^^^^^^^^^^^^^^^^^^^^^^^^^^^^^^^^^
  File "C:\Users\masen\AppData\Local\pypoetry\Cache\virtualenvs\food-delivery-hwrk1EDC-py3.12\Lib\site-packages\django\urls\resolvers.py", line 831, in _reverse_with_prefix
    raise NoReverseMatch(msg)
django.urls.exceptions.NoReverseMatch: Reverse for 'api_notificationtemplate_send_bulk' with arguments '(1,)' not found. 1 pattern(s) tried: ['admin/api/notificationtemplate/send\\-bulk/\\Z']
Bad Request: /api/orders/
Internal Server Error: /admin/api/notificationtemplate/send-bulk/1/
Traceback (most recent call last):
  File "C:\Users\masen\AppData\Local\pypoetry\Cache\virtualenvs\food-delivery-hwrk1EDC-py3.12\Lib\site-packages\asgiref\sync.py", line 489, in thread_handler
    raise exc_info[1]
  File "C:\Users\masen\AppData\Local\pypoetry\Cache\virtualenvs\food-delivery-hwrk1EDC-py3.12\Lib\site-packages\django\core\handlers\exception.py", line 42, in inner
    response = await get_response(request)
               ^^^^^^^^^^^^^^^^^^^^^^^^^^^
  File "C:\Users\masen\AppData\Local\pypoetry\Cache\virtualenvs\food-delivery-hwrk1EDC-py3.12\Lib\site-packages\asgiref\sync.py", line 489, in thread_handler
    raise exc_info[1]
  File "C:\Users\masen\AppData\Local\pypoetry\Cache\virtualenvs\food-delivery-hwrk1EDC-py3.12\Lib\site-packages\django\core\handlers\base.py", line 253, in _get_response_async
    response = await wrapped_callback(
               ^^^^^^^^^^^^^^^^^^^^^^^
  File "C:\Users\masen\AppData\Local\pypoetry\Cache\virtualenvs\food-delivery-hwrk1EDC-py3.12\Lib\site-packages\asgiref\sync.py", line 439, in __call__
    ret = await asyncio.shield(exec_coro)
          ^^^^^^^^^^^^^^^^^^^^^^^^^^^^^^^
  File "C:\Users\masen\AppData\Local\pypoetry\Cache\virtualenvs\food-delivery-hwrk1EDC-py3.12\Lib\site-packages\asgiref\current_thread_executor.py", line 40, in run
    result = self.fn(*self.args, **self.kwargs)
             ^^^^^^^^^^^^^^^^^^^^^^^^^^^^^^^^^^
  File "C:\Users\masen\AppData\Local\pypoetry\Cache\virtualenvs\food-delivery-hwrk1EDC-py3.12\Lib\site-packages\asgiref\sync.py", line 493, in thread_handler
    return func(*args, **kwargs)
           ^^^^^^^^^^^^^^^^^^^^^
  File "C:\Users\masen\AppData\Local\pypoetry\Cache\virtualenvs\food-delivery-hwrk1EDC-py3.12\Lib\site-packages\django\utils\decorators.py", line 192, in _view_wrapper
    result = _process_exception(request, e)
             ^^^^^^^^^^^^^^^^^^^^^^^^^^^^^^
  File "C:\Users\masen\AppData\Local\pypoetry\Cache\virtualenvs\food-delivery-hwrk1EDC-py3.12\Lib\site-packages\django\utils\decorators.py", line 190, in _view_wrapper
    response = view_func(request, *args, **kwargs)
               ^^^^^^^^^^^^^^^^^^^^^^^^^^^^^^^^^^^
  File "C:\Users\masen\AppData\Local\pypoetry\Cache\virtualenvs\food-delivery-hwrk1EDC-py3.12\Lib\site-packages\django\views\decorators\cache.py", line 80, in _view_wrapper
    response = view_func(request, *args, **kwargs)
               ^^^^^^^^^^^^^^^^^^^^^^^^^^^^^^^^^^^
  File "C:\Users\masen\AppData\Local\pypoetry\Cache\virtualenvs\food-delivery-hwrk1EDC-py3.12\Lib\site-packages\django\contrib\admin\sites.py", line 246, in inner
    return view(request, *args, **kwargs)
           ^^^^^^^^^^^^^^^^^^^^^^^^^^^^^^
  File "C:\Users\masen\CascadeProjects\food-delivery-app\backend\api\admin.py", line 154, in send_bulk_view
    return render(request, 'admin/bulk_send_confirmation.html', context)
           ^^^^^^^^^^^^^^^^^^^^^^^^^^^^^^^^^^^^^^^^^^^^^^^^^^^^^^^^^^^^^
  File "C:\Users\masen\AppData\Local\pypoetry\Cache\virtualenvs\food-delivery-hwrk1EDC-py3.12\Lib\site-packages\django\shortcuts.py", line 25, in render
    content = loader.render_to_string(template_name, context, request, using=using)
              ^^^^^^^^^^^^^^^^^^^^^^^^^^^^^^^^^^^^^^^^^^^^^^^^^^^^^^^^^^^^^^^^^^^^^
  File "C:\Users\masen\AppData\Local\pypoetry\Cache\virtualenvs\food-delivery-hwrk1EDC-py3.12\Lib\site-packages\django\template\loader.py", line 61, in render_to_string
    template = get_template(template_name, using=using)
               ^^^^^^^^^^^^^^^^^^^^^^^^^^^^^^^^^^^^^^^^
  File "C:\Users\masen\AppData\Local\pypoetry\Cache\virtualenvs\food-delivery-hwrk1EDC-py3.12\Lib\site-packages\django\template\loader.py", line 15, in get_template
    return engine.get_template(template_name)
           ^^^^^^^^^^^^^^^^^^^^^^^^^^^^^^^^^^
  File "C:\Users\masen\AppData\Local\pypoetry\Cache\virtualenvs\food-delivery-hwrk1EDC-py3.12\Lib\site-packages\django\template\backends\django.py", line 79, in get_template
    return Template(self.engine.get_template(template_name), self)
                    ^^^^^^^^^^^^^^^^^^^^^^^^^^^^^^^^^^^^^^^
  File "C:\Users\masen\AppData\Local\pypoetry\Cache\virtualenvs\food-delivery-hwrk1EDC-py3.12\Lib\site-packages\django\template\engine.py", line 177, in get_template
    template, origin = self.find_template(template_name)
                       ^^^^^^^^^^^^^^^^^^^^^^^^^^^^^^^^^
  File "C:\Users\masen\AppData\Local\pypoetry\Cache\virtualenvs\food-delivery-hwrk1EDC-py3.12\Lib\site-packages\django\template\engine.py", line 159, in find_template
    template = loader.get_template(name, skip=skip)
               ^^^^^^^^^^^^^^^^^^^^^^^^^^^^^^^^^^^^
  File "C:\Users\masen\AppData\Local\pypoetry\Cache\virtualenvs\food-delivery-hwrk1EDC-py3.12\Lib\site-packages\django\template\loaders\cached.py", line 57, in get_template
    template = super().get_template(template_name, skip)
               ^^^^^^^^^^^^^^^^^^^^^^^^^^^^^^^^^^^^^^^^^
  File "C:\Users\masen\AppData\Local\pypoetry\Cache\virtualenvs\food-delivery-hwrk1EDC-py3.12\Lib\site-packages\django\template\loaders\base.py", line 28, in get_template
    return Template(
           ^^^^^^^^^
  File "C:\Users\masen\AppData\Local\pypoetry\Cache\virtualenvs\food-delivery-hwrk1EDC-py3.12\Lib\site-packages\django\template\base.py", line 154, in __init__
    self.nodelist = self.compile_nodelist()
                    ^^^^^^^^^^^^^^^^^^^^^^^
  File "C:\Users\masen\AppData\Local\pypoetry\Cache\virtualenvs\food-delivery-hwrk1EDC-py3.12\Lib\site-packages\django\template\base.py", line 196, in compile_nodelist
    nodelist = parser.parse()
               ^^^^^^^^^^^^^^
  File "C:\Users\masen\AppData\Local\pypoetry\Cache\virtualenvs\food-delivery-hwrk1EDC-py3.12\Lib\site-packages\django\template\base.py", line 518, in parse
    raise self.error(token, e)
  File "C:\Users\masen\AppData\Local\pypoetry\Cache\virtualenvs\food-delivery-hwrk1EDC-py3.12\Lib\site-packages\django\template\base.py", line 516, in parse
    compiled_result = compile_func(self, token)
                      ^^^^^^^^^^^^^^^^^^^^^^^^^
  File "C:\Users\masen\AppData\Local\pypoetry\Cache\virtualenvs\food-delivery-hwrk1EDC-py3.12\Lib\site-packages\django\template\loader_tags.py", line 299, in do_extends
    nodelist = parser.parse()
               ^^^^^^^^^^^^^^
  File "C:\Users\masen\AppData\Local\pypoetry\Cache\virtualenvs\food-delivery-hwrk1EDC-py3.12\Lib\site-packages\django\template\base.py", line 518, in parse
    raise self.error(token, e)
  File "C:\Users\masen\AppData\Local\pypoetry\Cache\virtualenvs\food-delivery-hwrk1EDC-py3.12\Lib\site-packages\django\template\base.py", line 516, in parse
    compiled_result = compile_func(self, token)
                      ^^^^^^^^^^^^^^^^^^^^^^^^^
  File "C:\Users\masen\AppData\Local\pypoetry\Cache\virtualenvs\food-delivery-hwrk1EDC-py3.12\Lib\site-packages\django\template\loader_tags.py", line 228, in do_block
    raise TemplateSyntaxError(
django.template.exceptions.TemplateSyntaxError: 'block' tag with name 'content' appears more than once
Successfully sent message to device 4: projects/fortexpress-5641c/messages/0:1754661574968910%4c3c1fe64c3c1fe6
Notification results for user 3: 1 successful, 0 failed
Successfully sent message to device 4: projects/fortexpress-5641c/messages/0:1754661629847389%4c3c1fe64c3c1fe6
Notification results for user 3: 1 successful, 0 failed
Order 16 status changed from Accepted to Preparing. Sending notifications.
Sent order status update for order 16 to group restaurant_5
Order 16 status changed from Preparing to Ready for Pickup. Sending notifications.
Sent order status update for order 16 to group restaurant_5
Sent 'Ready for Pickup' notification for order 16 to riders.
Order 12 status changed from Preparing to Ready for Pickup. Sending notifications.
Sent order status update for order 12 to group restaurant_5
Sent 'Ready for Pickup' notification for order 12 to riders.
Invalid HTTP_HOST header: '10.5.55.25:8000'. You may need to add '10.5.55.25' to ALLOWED_HOSTS.
Traceback (most recent call last):
  File "C:\Users\masen\AppData\Local\pypoetry\Cache\virtualenvs\food-delivery-hwrk1EDC-py3.12\Lib\site-packages\asgiref\sync.py", line 489, in thread_handler
    raise exc_info[1]
  File "C:\Users\masen\AppData\Local\pypoetry\Cache\virtualenvs\food-delivery-hwrk1EDC-py3.12\Lib\site-packages\django\core\handlers\exception.py", line 42, in inner
    response = await get_response(request)
               ^^^^^^^^^^^^^^^^^^^^^^^^^^^
  File "C:\Users\masen\AppData\Local\pypoetry\Cache\virtualenvs\food-delivery-hwrk1EDC-py3.12\Lib\site-packages\django\utils\deprecation.py", line 132, in __acall__
    response = await sync_to_async(
               ^^^^^^^^^^^^^^^^^^^^
  File "C:\Users\masen\AppData\Local\pypoetry\Cache\virtualenvs\food-delivery-hwrk1EDC-py3.12\Lib\site-packages\asgiref\sync.py", line 439, in __call__
    ret = await asyncio.shield(exec_coro)
          ^^^^^^^^^^^^^^^^^^^^^^^^^^^^^^^
  File "C:\Users\masen\AppData\Local\pypoetry\Cache\virtualenvs\food-delivery-hwrk1EDC-py3.12\Lib\site-packages\asgiref\current_thread_executor.py", line 40, in run
    result = self.fn(*self.args, **self.kwargs)
             ^^^^^^^^^^^^^^^^^^^^^^^^^^^^^^^^^^
  File "C:\Users\masen\AppData\Local\pypoetry\Cache\virtualenvs\food-delivery-hwrk1EDC-py3.12\Lib\site-packages\asgiref\sync.py", line 493, in thread_handler
    return func(*args, **kwargs)
           ^^^^^^^^^^^^^^^^^^^^^
  File "C:\Users\masen\AppData\Local\pypoetry\Cache\virtualenvs\food-delivery-hwrk1EDC-py3.12\Lib\site-packages\django\middleware\common.py", line 48, in process_request
    host = request.get_host()
           ^^^^^^^^^^^^^^^^^^
  File "C:\Users\masen\AppData\Local\pypoetry\Cache\virtualenvs\food-delivery-hwrk1EDC-py3.12\Lib\site-packages\django\http\request.py", line 202, in get_host
    raise DisallowedHost(msg)
django.core.exceptions.DisallowedHost: Invalid HTTP_HOST header: '10.5.55.25:8000'. You may need to add '10.5.55.25' to ALLOWED_HOSTS.
Invalid HTTP_HOST header: '10.5.55.25:8000'. You may need to add '10.5.55.25' to ALLOWED_HOSTS.
Traceback (most recent call last):
  File "C:\Users\masen\AppData\Local\pypoetry\Cache\virtualenvs\food-delivery-hwrk1EDC-py3.12\Lib\site-packages\asgiref\sync.py", line 489, in thread_handler
    raise exc_info[1]
  File "C:\Users\masen\AppData\Local\pypoetry\Cache\virtualenvs\food-delivery-hwrk1EDC-py3.12\Lib\site-packages\django\core\handlers\exception.py", line 42, in inner
    response = await get_response(request)
               ^^^^^^^^^^^^^^^^^^^^^^^^^^^
  File "C:\Users\masen\AppData\Local\pypoetry\Cache\virtualenvs\food-delivery-hwrk1EDC-py3.12\Lib\site-packages\django\utils\deprecation.py", line 132, in __acall__
    response = await sync_to_async(
               ^^^^^^^^^^^^^^^^^^^^
  File "C:\Users\masen\AppData\Local\pypoetry\Cache\virtualenvs\food-delivery-hwrk1EDC-py3.12\Lib\site-packages\asgiref\sync.py", line 439, in __call__
    ret = await asyncio.shield(exec_coro)
          ^^^^^^^^^^^^^^^^^^^^^^^^^^^^^^^
  File "C:\Users\masen\AppData\Local\pypoetry\Cache\virtualenvs\food-delivery-hwrk1EDC-py3.12\Lib\site-packages\asgiref\current_thread_executor.py", line 40, in run
    result = self.fn(*self.args, **self.kwargs)
             ^^^^^^^^^^^^^^^^^^^^^^^^^^^^^^^^^^
  File "C:\Users\masen\AppData\Local\pypoetry\Cache\virtualenvs\food-delivery-hwrk1EDC-py3.12\Lib\site-packages\asgiref\sync.py", line 493, in thread_handler
    return func(*args, **kwargs)
           ^^^^^^^^^^^^^^^^^^^^^
  File "C:\Users\masen\AppData\Local\pypoetry\Cache\virtualenvs\food-delivery-hwrk1EDC-py3.12\Lib\site-packages\django\middleware\common.py", line 48, in process_request
    host = request.get_host()
           ^^^^^^^^^^^^^^^^^^
  File "C:\Users\masen\AppData\Local\pypoetry\Cache\virtualenvs\food-delivery-hwrk1EDC-py3.12\Lib\site-packages\django\http\request.py", line 202, in get_host
    raise DisallowedHost(msg)
django.core.exceptions.DisallowedHost: Invalid HTTP_HOST header: '10.5.55.25:8000'. You may need to add '10.5.55.25' to ALLOWED_HOSTS.
Invalid HTTP_HOST header: '10.5.55.25:8000'. You may need to add '10.5.55.25' to ALLOWED_HOSTS.
Traceback (most recent call last):
  File "C:\Users\masen\AppData\Local\pypoetry\Cache\virtualenvs\food-delivery-hwrk1EDC-py3.12\Lib\site-packages\asgiref\sync.py", line 489, in thread_handler
    raise exc_info[1]
  File "C:\Users\masen\AppData\Local\pypoetry\Cache\virtualenvs\food-delivery-hwrk1EDC-py3.12\Lib\site-packages\django\core\handlers\exception.py", line 42, in inner
    response = await get_response(request)
               ^^^^^^^^^^^^^^^^^^^^^^^^^^^
  File "C:\Users\masen\AppData\Local\pypoetry\Cache\virtualenvs\food-delivery-hwrk1EDC-py3.12\Lib\site-packages\django\utils\deprecation.py", line 132, in __acall__
    response = await sync_to_async(
               ^^^^^^^^^^^^^^^^^^^^
  File "C:\Users\masen\AppData\Local\pypoetry\Cache\virtualenvs\food-delivery-hwrk1EDC-py3.12\Lib\site-packages\asgiref\sync.py", line 439, in __call__
    ret = await asyncio.shield(exec_coro)
          ^^^^^^^^^^^^^^^^^^^^^^^^^^^^^^^
  File "C:\Users\masen\AppData\Local\pypoetry\Cache\virtualenvs\food-delivery-hwrk1EDC-py3.12\Lib\site-packages\asgiref\current_thread_executor.py", line 40, in run
    result = self.fn(*self.args, **self.kwargs)
             ^^^^^^^^^^^^^^^^^^^^^^^^^^^^^^^^^^
  File "C:\Users\masen\AppData\Local\pypoetry\Cache\virtualenvs\food-delivery-hwrk1EDC-py3.12\Lib\site-packages\asgiref\sync.py", line 493, in thread_handler
    return func(*args, **kwargs)
           ^^^^^^^^^^^^^^^^^^^^^
  File "C:\Users\masen\AppData\Local\pypoetry\Cache\virtualenvs\food-delivery-hwrk1EDC-py3.12\Lib\site-packages\django\middleware\common.py", line 48, in process_request
    host = request.get_host()
           ^^^^^^^^^^^^^^^^^^
  File "C:\Users\masen\AppData\Local\pypoetry\Cache\virtualenvs\food-delivery-hwrk1EDC-py3.12\Lib\site-packages\django\http\request.py", line 202, in get_host
    raise DisallowedHost(msg)
django.core.exceptions.DisallowedHost: Invalid HTTP_HOST header: '10.5.55.25:8000'. You may need to add '10.5.55.25' to ALLOWED_HOSTS.
Invalid HTTP_HOST header: '10.5.55.25:8000'. You may need to add '10.5.55.25' to ALLOWED_HOSTS.
Traceback (most recent call last):
  File "C:\Users\masen\AppData\Local\pypoetry\Cache\virtualenvs\food-delivery-hwrk1EDC-py3.12\Lib\site-packages\asgiref\sync.py", line 489, in thread_handler
    raise exc_info[1]
  File "C:\Users\masen\AppData\Local\pypoetry\Cache\virtualenvs\food-delivery-hwrk1EDC-py3.12\Lib\site-packages\django\core\handlers\exception.py", line 42, in inner
    response = await get_response(request)
               ^^^^^^^^^^^^^^^^^^^^^^^^^^^
  File "C:\Users\masen\AppData\Local\pypoetry\Cache\virtualenvs\food-delivery-hwrk1EDC-py3.12\Lib\site-packages\django\utils\deprecation.py", line 132, in __acall__
    response = await sync_to_async(
               ^^^^^^^^^^^^^^^^^^^^
  File "C:\Users\masen\AppData\Local\pypoetry\Cache\virtualenvs\food-delivery-hwrk1EDC-py3.12\Lib\site-packages\asgiref\sync.py", line 439, in __call__
    ret = await asyncio.shield(exec_coro)
          ^^^^^^^^^^^^^^^^^^^^^^^^^^^^^^^
  File "C:\Users\masen\AppData\Local\pypoetry\Cache\virtualenvs\food-delivery-hwrk1EDC-py3.12\Lib\site-packages\asgiref\current_thread_executor.py", line 40, in run
    result = self.fn(*self.args, **self.kwargs)
             ^^^^^^^^^^^^^^^^^^^^^^^^^^^^^^^^^^
  File "C:\Users\masen\AppData\Local\pypoetry\Cache\virtualenvs\food-delivery-hwrk1EDC-py3.12\Lib\site-packages\asgiref\sync.py", line 493, in thread_handler
    return func(*args, **kwargs)
           ^^^^^^^^^^^^^^^^^^^^^
  File "C:\Users\masen\AppData\Local\pypoetry\Cache\virtualenvs\food-delivery-hwrk1EDC-py3.12\Lib\site-packages\django\middleware\common.py", line 48, in process_request
    host = request.get_host()
           ^^^^^^^^^^^^^^^^^^
  File "C:\Users\masen\AppData\Local\pypoetry\Cache\virtualenvs\food-delivery-hwrk1EDC-py3.12\Lib\site-packages\django\http\request.py", line 202, in get_host
    raise DisallowedHost(msg)
django.core.exceptions.DisallowedHost: Invalid HTTP_HOST header: '10.5.55.25:8000'. You may need to add '10.5.55.25' to ALLOWED_HOSTS.
Invalid HTTP_HOST header: '10.5.55.25:8000'. You may need to add '10.5.55.25' to ALLOWED_HOSTS.
Traceback (most recent call last):
  File "C:\Users\masen\AppData\Local\pypoetry\Cache\virtualenvs\food-delivery-hwrk1EDC-py3.12\Lib\site-packages\asgiref\sync.py", line 489, in thread_handler
    raise exc_info[1]
  File "C:\Users\masen\AppData\Local\pypoetry\Cache\virtualenvs\food-delivery-hwrk1EDC-py3.12\Lib\site-packages\django\core\handlers\exception.py", line 42, in inner
    response = await get_response(request)
               ^^^^^^^^^^^^^^^^^^^^^^^^^^^
  File "C:\Users\masen\AppData\Local\pypoetry\Cache\virtualenvs\food-delivery-hwrk1EDC-py3.12\Lib\site-packages\django\utils\deprecation.py", line 132, in __acall__
    response = await sync_to_async(
               ^^^^^^^^^^^^^^^^^^^^
  File "C:\Users\masen\AppData\Local\pypoetry\Cache\virtualenvs\food-delivery-hwrk1EDC-py3.12\Lib\site-packages\asgiref\sync.py", line 439, in __call__
    ret = await asyncio.shield(exec_coro)
          ^^^^^^^^^^^^^^^^^^^^^^^^^^^^^^^
  File "C:\Users\masen\AppData\Local\pypoetry\Cache\virtualenvs\food-delivery-hwrk1EDC-py3.12\Lib\site-packages\asgiref\current_thread_executor.py", line 40, in run
    result = self.fn(*self.args, **self.kwargs)
             ^^^^^^^^^^^^^^^^^^^^^^^^^^^^^^^^^^
  File "C:\Users\masen\AppData\Local\pypoetry\Cache\virtualenvs\food-delivery-hwrk1EDC-py3.12\Lib\site-packages\asgiref\sync.py", line 493, in thread_handler
    return func(*args, **kwargs)
           ^^^^^^^^^^^^^^^^^^^^^
  File "C:\Users\masen\AppData\Local\pypoetry\Cache\virtualenvs\food-delivery-hwrk1EDC-py3.12\Lib\site-packages\django\middleware\common.py", line 48, in process_request
    host = request.get_host()
           ^^^^^^^^^^^^^^^^^^
  File "C:\Users\masen\AppData\Local\pypoetry\Cache\virtualenvs\food-delivery-hwrk1EDC-py3.12\Lib\site-packages\django\http\request.py", line 202, in get_host
    raise DisallowedHost(msg)
django.core.exceptions.DisallowedHost: Invalid HTTP_HOST header: '10.5.55.25:8000'. You may need to add '10.5.55.25' to ALLOWED_HOSTS.
Invalid HTTP_HOST header: '10.5.55.25:8000'. You may need to add '10.5.55.25' to ALLOWED_HOSTS.
Traceback (most recent call last):
  File "C:\Users\masen\AppData\Local\pypoetry\Cache\virtualenvs\food-delivery-hwrk1EDC-py3.12\Lib\site-packages\asgiref\sync.py", line 489, in thread_handler
    raise exc_info[1]
  File "C:\Users\masen\AppData\Local\pypoetry\Cache\virtualenvs\food-delivery-hwrk1EDC-py3.12\Lib\site-packages\django\core\handlers\exception.py", line 42, in inner
    response = await get_response(request)
               ^^^^^^^^^^^^^^^^^^^^^^^^^^^
  File "C:\Users\masen\AppData\Local\pypoetry\Cache\virtualenvs\food-delivery-hwrk1EDC-py3.12\Lib\site-packages\django\utils\deprecation.py", line 132, in __acall__
    response = await sync_to_async(
               ^^^^^^^^^^^^^^^^^^^^
  File "C:\Users\masen\AppData\Local\pypoetry\Cache\virtualenvs\food-delivery-hwrk1EDC-py3.12\Lib\site-packages\asgiref\sync.py", line 439, in __call__
    ret = await asyncio.shield(exec_coro)
          ^^^^^^^^^^^^^^^^^^^^^^^^^^^^^^^
  File "C:\Users\masen\AppData\Local\pypoetry\Cache\virtualenvs\food-delivery-hwrk1EDC-py3.12\Lib\site-packages\asgiref\current_thread_executor.py", line 40, in run
    result = self.fn(*self.args, **self.kwargs)
             ^^^^^^^^^^^^^^^^^^^^^^^^^^^^^^^^^^
  File "C:\Users\masen\AppData\Local\pypoetry\Cache\virtualenvs\food-delivery-hwrk1EDC-py3.12\Lib\site-packages\asgiref\sync.py", line 493, in thread_handler
    return func(*args, **kwargs)
           ^^^^^^^^^^^^^^^^^^^^^
  File "C:\Users\masen\AppData\Local\pypoetry\Cache\virtualenvs\food-delivery-hwrk1EDC-py3.12\Lib\site-packages\django\middleware\common.py", line 48, in process_request
    host = request.get_host()
           ^^^^^^^^^^^^^^^^^^
  File "C:\Users\masen\AppData\Local\pypoetry\Cache\virtualenvs\food-delivery-hwrk1EDC-py3.12\Lib\site-packages\django\http\request.py", line 202, in get_host
    raise DisallowedHost(msg)
django.core.exceptions.DisallowedHost: Invalid HTTP_HOST header: '10.5.55.25:8000'. You may need to add '10.5.55.25' to ALLOWED_HOSTS.
Invalid HTTP_HOST header: '10.5.55.25:8000'. You may need to add '10.5.55.25' to ALLOWED_HOSTS.
Traceback (most recent call last):
  File "C:\Users\masen\AppData\Local\pypoetry\Cache\virtualenvs\food-delivery-hwrk1EDC-py3.12\Lib\site-packages\asgiref\sync.py", line 489, in thread_handler
    raise exc_info[1]
  File "C:\Users\masen\AppData\Local\pypoetry\Cache\virtualenvs\food-delivery-hwrk1EDC-py3.12\Lib\site-packages\django\core\handlers\exception.py", line 42, in inner
    response = await get_response(request)
               ^^^^^^^^^^^^^^^^^^^^^^^^^^^
  File "C:\Users\masen\AppData\Local\pypoetry\Cache\virtualenvs\food-delivery-hwrk1EDC-py3.12\Lib\site-packages\django\utils\deprecation.py", line 132, in __acall__
    response = await sync_to_async(
               ^^^^^^^^^^^^^^^^^^^^
  File "C:\Users\masen\AppData\Local\pypoetry\Cache\virtualenvs\food-delivery-hwrk1EDC-py3.12\Lib\site-packages\asgiref\sync.py", line 439, in __call__
    ret = await asyncio.shield(exec_coro)
          ^^^^^^^^^^^^^^^^^^^^^^^^^^^^^^^
  File "C:\Users\masen\AppData\Local\pypoetry\Cache\virtualenvs\food-delivery-hwrk1EDC-py3.12\Lib\site-packages\asgiref\current_thread_executor.py", line 40, in run
    result = self.fn(*self.args, **self.kwargs)
             ^^^^^^^^^^^^^^^^^^^^^^^^^^^^^^^^^^
  File "C:\Users\masen\AppData\Local\pypoetry\Cache\virtualenvs\food-delivery-hwrk1EDC-py3.12\Lib\site-packages\asgiref\sync.py", line 493, in thread_handler
    return func(*args, **kwargs)
           ^^^^^^^^^^^^^^^^^^^^^
  File "C:\Users\masen\AppData\Local\pypoetry\Cache\virtualenvs\food-delivery-hwrk1EDC-py3.12\Lib\site-packages\django\middleware\common.py", line 48, in process_request
    host = request.get_host()
           ^^^^^^^^^^^^^^^^^^
  File "C:\Users\masen\AppData\Local\pypoetry\Cache\virtualenvs\food-delivery-hwrk1EDC-py3.12\Lib\site-packages\django\http\request.py", line 202, in get_host
    raise DisallowedHost(msg)
django.core.exceptions.DisallowedHost: Invalid HTTP_HOST header: '10.5.55.25:8000'. You may need to add '10.5.55.25' to ALLOWED_HOSTS.
Successfully sent message to device 4: projects/fortexpress-5641c/messages/0:1754663506195151%4c3c1fe64c3c1fe6
Notification results for user 3: 1 successful, 0 failed
Sent new order notification for order 17 to group restaurant_5
Order 17 status changed from Pending to Accepted. Sending notifications.
Sent order status update for order 17 to group restaurant_5
Order 17 status changed from Accepted to Preparing. Sending notifications.
Sent order status update for order 17 to group restaurant_5
Order 17 status changed from Preparing to Ready for Pickup. Sending notifications.
Sent order status update for order 17 to group restaurant_5
Sent 'Ready for Pickup' notification for order 17 to riders.
Successfully sent message to device 4: projects/fortexpress-5641c/messages/0:1754664454537074%4c3c1fe64c3c1fe6
Notification results for user 3: 1 successful, 0 failed
Successfully sent message to device 4: projects/fortexpress-5641c/messages/0:1754664491949590%4c3c1fe64c3c1fe6
Notification results for user 3: 1 successful, 0 failed
Successfully sent message to device 4: projects/fortexpress-5641c/messages/0:1754664520304592%4c3c1fe64c3c1fe6
Notification results for user 3: 1 successful, 0 failed
Not Found: /api/cart/add/
Order 11 status changed from Preparing to Ready for Pickup. Sending notifications.
Sent 'Ready for Pickup' notification for order 11 to riders.
Sent order status update for order 11 to group restaurant_5
Sent 'Ready for Pickup' notification for order 11 to riders.
Unexpected error sending notification for user 3: HTTPSConnectionPool(host='oauth2.googleapis.com', port=443): Max retries exceeded with url: /token (Caused by ConnectTimeoutError(<urllib3.connection.HTTPSConnection object at 0x000001CC48B7BCE0>, 'Connection to oauth2.googleapis.com timed out. (connect timeout=120)'))
Traceback (most recent call last):
  File "C:\Users\masen\AppData\Local\pypoetry\Cache\virtualenvs\food-delivery-hwrk1EDC-py3.12\Lib\site-packages\urllib3\connection.py", line 198, in _new_conn
    sock = connection.create_connection(
           ^^^^^^^^^^^^^^^^^^^^^^^^^^^^^
  File "C:\Users\masen\AppData\Local\pypoetry\Cache\virtualenvs\food-delivery-hwrk1EDC-py3.12\Lib\site-packages\urllib3\util\connection.py", line 85, in create_connection
    raise err
  File "C:\Users\masen\AppData\Local\pypoetry\Cache\virtualenvs\food-delivery-hwrk1EDC-py3.12\Lib\site-packages\urllib3\util\connection.py", line 73, in create_connection
    sock.connect(sa)
TimeoutError: [WinError 10060] A connection attempt failed because the connected party did not properly respond after a period of time, or established connection failed because connected host has failed to respond

The above exception was the direct cause of the following exception:

Traceback (most recent call last):
  File "C:\Users\masen\AppData\Local\pypoetry\Cache\virtualenvs\food-delivery-hwrk1EDC-py3.12\Lib\site-packages\urllib3\connectionpool.py", line 787, in urlopen
    response = self._make_request(
               ^^^^^^^^^^^^^^^^^^^
  File "C:\Users\masen\AppData\Local\pypoetry\Cache\virtualenvs\food-delivery-hwrk1EDC-py3.12\Lib\site-packages\urllib3\connectionpool.py", line 488, in _make_request
    raise new_e
  File "C:\Users\masen\AppData\Local\pypoetry\Cache\virtualenvs\food-delivery-hwrk1EDC-py3.12\Lib\site-packages\urllib3\connectionpool.py", line 464, in _make_request
    self._validate_conn(conn)
  File "C:\Users\masen\AppData\Local\pypoetry\Cache\virtualenvs\food-delivery-hwrk1EDC-py3.12\Lib\site-packages\urllib3\connectionpool.py", line 1093, in _validate_conn
    conn.connect()
  File "C:\Users\masen\AppData\Local\pypoetry\Cache\virtualenvs\food-delivery-hwrk1EDC-py3.12\Lib\site-packages\urllib3\connection.py", line 753, in connect
    self.sock = sock = self._new_conn()
                       ^^^^^^^^^^^^^^^^
  File "C:\Users\masen\AppData\Local\pypoetry\Cache\virtualenvs\food-delivery-hwrk1EDC-py3.12\Lib\site-packages\urllib3\connection.py", line 207, in _new_conn
    raise ConnectTimeoutError(
urllib3.exceptions.ConnectTimeoutError: (<urllib3.connection.HTTPSConnection object at 0x000001CC48B7BCE0>, 'Connection to oauth2.googleapis.com timed out. (connect timeout=120)')

The above exception was the direct cause of the following exception:

Traceback (most recent call last):
  File "C:\Users\masen\AppData\Local\pypoetry\Cache\virtualenvs\food-delivery-hwrk1EDC-py3.12\Lib\site-packages\requests\adapters.py", line 667, in send
    resp = conn.urlopen(
           ^^^^^^^^^^^^^
  File "C:\Users\masen\AppData\Local\pypoetry\Cache\virtualenvs\food-delivery-hwrk1EDC-py3.12\Lib\site-packages\urllib3\connectionpool.py", line 871, in urlopen
    return self.urlopen(
           ^^^^^^^^^^^^^
  File "C:\Users\masen\AppData\Local\pypoetry\Cache\virtualenvs\food-delivery-hwrk1EDC-py3.12\Lib\site-packages\urllib3\connectionpool.py", line 871, in urlopen
    return self.urlopen(
           ^^^^^^^^^^^^^
  File "C:\Users\masen\AppData\Local\pypoetry\Cache\virtualenvs\food-delivery-hwrk1EDC-py3.12\Lib\site-packages\urllib3\connectionpool.py", line 871, in urlopen
    return self.urlopen(
           ^^^^^^^^^^^^^
  File "C:\Users\masen\AppData\Local\pypoetry\Cache\virtualenvs\food-delivery-hwrk1EDC-py3.12\Lib\site-packages\urllib3\connectionpool.py", line 841, in urlopen
    retries = retries.increment(
              ^^^^^^^^^^^^^^^^^^
  File "C:\Users\masen\AppData\Local\pypoetry\Cache\virtualenvs\food-delivery-hwrk1EDC-py3.12\Lib\site-packages\urllib3\util\retry.py", line 519, in increment
    raise MaxRetryError(_pool, url, reason) from reason  # type: ignore[arg-type]
    ^^^^^^^^^^^^^^^^^^^^^^^^^^^^^^^^^^^^^^^^^^^^^^^^^^^
urllib3.exceptions.MaxRetryError: HTTPSConnectionPool(host='oauth2.googleapis.com', port=443): Max retries exceeded with url: /token (Caused by ConnectTimeoutError(<urllib3.connection.HTTPSConnection object at 0x000001CC48B7BCE0>, 'Connection to oauth2.googleapis.com timed out. (connect timeout=120)'))

During handling of the above exception, another exception occurred:

Traceback (most recent call last):
  File "C:\Users\masen\AppData\Local\pypoetry\Cache\virtualenvs\food-delivery-hwrk1EDC-py3.12\Lib\site-packages\google\auth\transport\requests.py", line 187, in __call__
    response = self.session.request(
               ^^^^^^^^^^^^^^^^^^^^^
  File "C:\Users\masen\AppData\Local\pypoetry\Cache\virtualenvs\food-delivery-hwrk1EDC-py3.12\Lib\site-packages\requests\sessions.py", line 589, in request
    resp = self.send(prep, **send_kwargs)
           ^^^^^^^^^^^^^^^^^^^^^^^^^^^^^^
  File "C:\Users\masen\AppData\Local\pypoetry\Cache\virtualenvs\food-delivery-hwrk1EDC-py3.12\Lib\site-packages\requests\sessions.py", line 703, in send
    r = adapter.send(request, **kwargs)
        ^^^^^^^^^^^^^^^^^^^^^^^^^^^^^^^
  File "C:\Users\masen\AppData\Local\pypoetry\Cache\virtualenvs\food-delivery-hwrk1EDC-py3.12\Lib\site-packages\requests\adapters.py", line 688, in send
    raise ConnectTimeout(e, request=request)
requests.exceptions.ConnectTimeout: HTTPSConnectionPool(host='oauth2.googleapis.com', port=443): Max retries exceeded with url: /token (Caused by ConnectTimeoutError(<urllib3.connection.HTTPSConnection object at 0x000001CC48B7BCE0>, 'Connection to oauth2.googleapis.com timed out. (connect timeout=120)'))

The above exception was the direct cause of the following exception:

Traceback (most recent call last):
  File "C:\Users\masen\CascadeProjects\food-delivery-app\backend\api\notifications.py", line 67, in send_push_notification
    response = messaging.send(message)
               ^^^^^^^^^^^^^^^^^^^^^^^
  File "C:\Users\masen\AppData\Local\pypoetry\Cache\virtualenvs\food-delivery-hwrk1EDC-py3.12\Lib\site-packages\firebase_admin\messaging.py", line 125, in send
    return _get_messaging_service(app).send(message, dry_run)
           ^^^^^^^^^^^^^^^^^^^^^^^^^^^^^^^^^^^^^^^^^^^^^^^^^^
  File "C:\Users\masen\AppData\Local\pypoetry\Cache\virtualenvs\food-delivery-hwrk1EDC-py3.12\Lib\site-packages\firebase_admin\messaging.py", line 421, in send
    resp = self._client.body(
           ^^^^^^^^^^^^^^^^^^
  File "C:\Users\masen\AppData\Local\pypoetry\Cache\virtualenvs\food-delivery-hwrk1EDC-py3.12\Lib\site-packages\firebase_admin\_http_client.py", line 148, in body
    resp = self.request(method, url, **kwargs)
           ^^^^^^^^^^^^^^^^^^^^^^^^^^^^^^^^^^^
  File "C:\Users\masen\AppData\Local\pypoetry\Cache\virtualenvs\food-delivery-hwrk1EDC-py3.12\Lib\site-packages\firebase_admin\_http_client.py", line 135, in request
    resp = self._session.request(method, self.base_url + url, **kwargs)
           ^^^^^^^^^^^^^^^^^^^^^^^^^^^^^^^^^^^^^^^^^^^^^^^^^^^^^^^^^^^^
  File "C:\Users\masen\AppData\Local\pypoetry\Cache\virtualenvs\food-delivery-hwrk1EDC-py3.12\Lib\site-packages\google\auth\transport\requests.py", line 535, in request
    self.credentials.before_request(auth_request, method, url, request_headers)
  File "C:\Users\masen\AppData\Local\pypoetry\Cache\virtualenvs\food-delivery-hwrk1EDC-py3.12\Lib\site-packages\google\auth\credentials.py", line 239, in before_request
    self._blocking_refresh(request)
  File "C:\Users\masen\AppData\Local\pypoetry\Cache\virtualenvs\food-delivery-hwrk1EDC-py3.12\Lib\site-packages\google\auth\credentials.py", line 202, in _blocking_refresh
    self.refresh(request)
  File "C:\Users\masen\AppData\Local\pypoetry\Cache\virtualenvs\food-delivery-hwrk1EDC-py3.12\Lib\site-packages\google\oauth2\service_account.py", line 448, in refresh
    access_token, expiry, _ = _client.jwt_grant(
                              ^^^^^^^^^^^^^^^^^^
  File "C:\Users\masen\AppData\Local\pypoetry\Cache\virtualenvs\food-delivery-hwrk1EDC-py3.12\Lib\site-packages\google\oauth2\_client.py", line 299, in jwt_grant
    response_data = _token_endpoint_request(
                    ^^^^^^^^^^^^^^^^^^^^^^^^
  File "C:\Users\masen\AppData\Local\pypoetry\Cache\virtualenvs\food-delivery-hwrk1EDC-py3.12\Lib\site-packages\google\oauth2\_client.py", line 259, in _token_endpoint_request
    response_status_ok, response_data, retryable_error = _token_endpoint_request_no_throw(
                                                         ^^^^^^^^^^^^^^^^^^^^^^^^^^^^^^^^^
  File "C:\Users\masen\AppData\Local\pypoetry\Cache\virtualenvs\food-delivery-hwrk1EDC-py3.12\Lib\site-packages\google\oauth2\_client.py", line 192, in _token_endpoint_request_no_throw
    response = request(
               ^^^^^^^^
  File "C:\Users\masen\AppData\Local\pypoetry\Cache\virtualenvs\food-delivery-hwrk1EDC-py3.12\Lib\site-packages\google\auth\transport\requests.py", line 194, in __call__
    raise new_exc from caught_exc
google.auth.exceptions.TransportError: HTTPSConnectionPool(host='oauth2.googleapis.com', port=443): Max retries exceeded with url: /token (Caused by ConnectTimeoutError(<urllib3.connection.HTTPSConnection object at 0x000001CC48B7BCE0>, 'Connection to oauth2.googleapis.com timed out. (connect timeout=120)'))
Unexpected error sending notification for user 3: HTTPSConnectionPool(host='oauth2.googleapis.com', port=443): Max retries exceeded with url: /token (Caused by ConnectTimeoutError(<urllib3.connection.HTTPSConnection object at 0x000001CC48B7A660>, 'Connection to oauth2.googleapis.com timed out. (connect timeout=120)'))
Traceback (most recent call last):
  File "C:\Users\masen\AppData\Local\pypoetry\Cache\virtualenvs\food-delivery-hwrk1EDC-py3.12\Lib\site-packages\urllib3\connection.py", line 198, in _new_conn
    sock = connection.create_connection(
           ^^^^^^^^^^^^^^^^^^^^^^^^^^^^^
  File "C:\Users\masen\AppData\Local\pypoetry\Cache\virtualenvs\food-delivery-hwrk1EDC-py3.12\Lib\site-packages\urllib3\util\connection.py", line 85, in create_connection
    raise err
  File "C:\Users\masen\AppData\Local\pypoetry\Cache\virtualenvs\food-delivery-hwrk1EDC-py3.12\Lib\site-packages\urllib3\util\connection.py", line 73, in create_connection
    sock.connect(sa)
TimeoutError: [WinError 10060] A connection attempt failed because the connected party did not properly respond after a period of time, or established connection failed because connected host has failed to respond

The above exception was the direct cause of the following exception:

Traceback (most recent call last):
  File "C:\Users\masen\AppData\Local\pypoetry\Cache\virtualenvs\food-delivery-hwrk1EDC-py3.12\Lib\site-packages\urllib3\connectionpool.py", line 787, in urlopen
    response = self._make_request(
               ^^^^^^^^^^^^^^^^^^^
  File "C:\Users\masen\AppData\Local\pypoetry\Cache\virtualenvs\food-delivery-hwrk1EDC-py3.12\Lib\site-packages\urllib3\connectionpool.py", line 488, in _make_request
    raise new_e
  File "C:\Users\masen\AppData\Local\pypoetry\Cache\virtualenvs\food-delivery-hwrk1EDC-py3.12\Lib\site-packages\urllib3\connectionpool.py", line 464, in _make_request
    self._validate_conn(conn)
  File "C:\Users\masen\AppData\Local\pypoetry\Cache\virtualenvs\food-delivery-hwrk1EDC-py3.12\Lib\site-packages\urllib3\connectionpool.py", line 1093, in _validate_conn
    conn.connect()
  File "C:\Users\masen\AppData\Local\pypoetry\Cache\virtualenvs\food-delivery-hwrk1EDC-py3.12\Lib\site-packages\urllib3\connection.py", line 753, in connect
    self.sock = sock = self._new_conn()
                       ^^^^^^^^^^^^^^^^
  File "C:\Users\masen\AppData\Local\pypoetry\Cache\virtualenvs\food-delivery-hwrk1EDC-py3.12\Lib\site-packages\urllib3\connection.py", line 207, in _new_conn
    raise ConnectTimeoutError(
urllib3.exceptions.ConnectTimeoutError: (<urllib3.connection.HTTPSConnection object at 0x000001CC48B7A660>, 'Connection to oauth2.googleapis.com timed out. (connect timeout=120)')

The above exception was the direct cause of the following exception:

Traceback (most recent call last):
  File "C:\Users\masen\AppData\Local\pypoetry\Cache\virtualenvs\food-delivery-hwrk1EDC-py3.12\Lib\site-packages\requests\adapters.py", line 667, in send
    resp = conn.urlopen(
           ^^^^^^^^^^^^^
  File "C:\Users\masen\AppData\Local\pypoetry\Cache\virtualenvs\food-delivery-hwrk1EDC-py3.12\Lib\site-packages\urllib3\connectionpool.py", line 871, in urlopen
    return self.urlopen(
           ^^^^^^^^^^^^^
  File "C:\Users\masen\AppData\Local\pypoetry\Cache\virtualenvs\food-delivery-hwrk1EDC-py3.12\Lib\site-packages\urllib3\connectionpool.py", line 871, in urlopen
    return self.urlopen(
           ^^^^^^^^^^^^^
  File "C:\Users\masen\AppData\Local\pypoetry\Cache\virtualenvs\food-delivery-hwrk1EDC-py3.12\Lib\site-packages\urllib3\connectionpool.py", line 871, in urlopen
    return self.urlopen(
           ^^^^^^^^^^^^^
  File "C:\Users\masen\AppData\Local\pypoetry\Cache\virtualenvs\food-delivery-hwrk1EDC-py3.12\Lib\site-packages\urllib3\connectionpool.py", line 841, in urlopen
    retries = retries.increment(
              ^^^^^^^^^^^^^^^^^^
  File "C:\Users\masen\AppData\Local\pypoetry\Cache\virtualenvs\food-delivery-hwrk1EDC-py3.12\Lib\site-packages\urllib3\util\retry.py", line 519, in increment
    raise MaxRetryError(_pool, url, reason) from reason  # type: ignore[arg-type]
    ^^^^^^^^^^^^^^^^^^^^^^^^^^^^^^^^^^^^^^^^^^^^^^^^^^^
urllib3.exceptions.MaxRetryError: HTTPSConnectionPool(host='oauth2.googleapis.com', port=443): Max retries exceeded with url: /token (Caused by ConnectTimeoutError(<urllib3.connection.HTTPSConnection object at 0x000001CC48B7A660>, 'Connection to oauth2.googleapis.com timed out. (connect timeout=120)'))

During handling of the above exception, another exception occurred:

Traceback (most recent call last):
  File "C:\Users\masen\AppData\Local\pypoetry\Cache\virtualenvs\food-delivery-hwrk1EDC-py3.12\Lib\site-packages\google\auth\transport\requests.py", line 187, in __call__
    response = self.session.request(
               ^^^^^^^^^^^^^^^^^^^^^
  File "C:\Users\masen\AppData\Local\pypoetry\Cache\virtualenvs\food-delivery-hwrk1EDC-py3.12\Lib\site-packages\requests\sessions.py", line 589, in request
    resp = self.send(prep, **send_kwargs)
           ^^^^^^^^^^^^^^^^^^^^^^^^^^^^^^
  File "C:\Users\masen\AppData\Local\pypoetry\Cache\virtualenvs\food-delivery-hwrk1EDC-py3.12\Lib\site-packages\requests\sessions.py", line 703, in send
    r = adapter.send(request, **kwargs)
        ^^^^^^^^^^^^^^^^^^^^^^^^^^^^^^^
  File "C:\Users\masen\AppData\Local\pypoetry\Cache\virtualenvs\food-delivery-hwrk1EDC-py3.12\Lib\site-packages\requests\adapters.py", line 688, in send
    raise ConnectTimeout(e, request=request)
requests.exceptions.ConnectTimeout: HTTPSConnectionPool(host='oauth2.googleapis.com', port=443): Max retries exceeded with url: /token (Caused by ConnectTimeoutError(<urllib3.connection.HTTPSConnection object at 0x000001CC48B7A660>, 'Connection to oauth2.googleapis.com timed out. (connect timeout=120)'))

The above exception was the direct cause of the following exception:

Traceback (most recent call last):
  File "C:\Users\masen\CascadeProjects\food-delivery-app\backend\api\notifications.py", line 67, in send_push_notification
    response = messaging.send(message)
               ^^^^^^^^^^^^^^^^^^^^^^^
  File "C:\Users\masen\AppData\Local\pypoetry\Cache\virtualenvs\food-delivery-hwrk1EDC-py3.12\Lib\site-packages\firebase_admin\messaging.py", line 125, in send
    return _get_messaging_service(app).send(message, dry_run)
           ^^^^^^^^^^^^^^^^^^^^^^^^^^^^^^^^^^^^^^^^^^^^^^^^^^
  File "C:\Users\masen\AppData\Local\pypoetry\Cache\virtualenvs\food-delivery-hwrk1EDC-py3.12\Lib\site-packages\firebase_admin\messaging.py", line 421, in send
    resp = self._client.body(
           ^^^^^^^^^^^^^^^^^^
  File "C:\Users\masen\AppData\Local\pypoetry\Cache\virtualenvs\food-delivery-hwrk1EDC-py3.12\Lib\site-packages\firebase_admin\_http_client.py", line 148, in body
    resp = self.request(method, url, **kwargs)
           ^^^^^^^^^^^^^^^^^^^^^^^^^^^^^^^^^^^
  File "C:\Users\masen\AppData\Local\pypoetry\Cache\virtualenvs\food-delivery-hwrk1EDC-py3.12\Lib\site-packages\firebase_admin\_http_client.py", line 135, in request
    resp = self._session.request(method, self.base_url + url, **kwargs)
           ^^^^^^^^^^^^^^^^^^^^^^^^^^^^^^^^^^^^^^^^^^^^^^^^^^^^^^^^^^^^
  File "C:\Users\masen\AppData\Local\pypoetry\Cache\virtualenvs\food-delivery-hwrk1EDC-py3.12\Lib\site-packages\google\auth\transport\requests.py", line 535, in request
    self.credentials.before_request(auth_request, method, url, request_headers)
  File "C:\Users\masen\AppData\Local\pypoetry\Cache\virtualenvs\food-delivery-hwrk1EDC-py3.12\Lib\site-packages\google\auth\credentials.py", line 239, in before_request
    self._blocking_refresh(request)
  File "C:\Users\masen\AppData\Local\pypoetry\Cache\virtualenvs\food-delivery-hwrk1EDC-py3.12\Lib\site-packages\google\auth\credentials.py", line 202, in _blocking_refresh
    self.refresh(request)
  File "C:\Users\masen\AppData\Local\pypoetry\Cache\virtualenvs\food-delivery-hwrk1EDC-py3.12\Lib\site-packages\google\oauth2\service_account.py", line 448, in refresh
    access_token, expiry, _ = _client.jwt_grant(
                              ^^^^^^^^^^^^^^^^^^
  File "C:\Users\masen\AppData\Local\pypoetry\Cache\virtualenvs\food-delivery-hwrk1EDC-py3.12\Lib\site-packages\google\oauth2\_client.py", line 299, in jwt_grant
    response_data = _token_endpoint_request(
                    ^^^^^^^^^^^^^^^^^^^^^^^^
  File "C:\Users\masen\AppData\Local\pypoetry\Cache\virtualenvs\food-delivery-hwrk1EDC-py3.12\Lib\site-packages\google\oauth2\_client.py", line 259, in _token_endpoint_request
    response_status_ok, response_data, retryable_error = _token_endpoint_request_no_throw(
                                                         ^^^^^^^^^^^^^^^^^^^^^^^^^^^^^^^^^
  File "C:\Users\masen\AppData\Local\pypoetry\Cache\virtualenvs\food-delivery-hwrk1EDC-py3.12\Lib\site-packages\google\oauth2\_client.py", line 192, in _token_endpoint_request_no_throw
    response = request(
               ^^^^^^^^
  File "C:\Users\masen\AppData\Local\pypoetry\Cache\virtualenvs\food-delivery-hwrk1EDC-py3.12\Lib\site-packages\google\auth\transport\requests.py", line 194, in __call__
    raise new_exc from caught_exc
google.auth.exceptions.TransportError: HTTPSConnectionPool(host='oauth2.googleapis.com', port=443): Max retries exceeded with url: /token (Caused by ConnectTimeoutError(<urllib3.connection.HTTPSConnection object at 0x000001CC48B7A660>, 'Connection to oauth2.googleapis.com timed out. (connect timeout=120)'))
Not Found: /favicon.ico
Not Found: /api/cart/add/
Successfully sent message to device 4: projects/fortexpress-5641c/messages/0:1754726245460308%4c3c1fe64c3c1fe6
Notification results for user 3: 1 successful, 0 failed
Successfully sent message to device 4: projects/fortexpress-5641c/messages/0:1754726341346800%4c3c1fe64c3c1fe6
Notification results for user 3: 1 successful, 0 failed
Not Found: /api/cart/remove/
Not Found: /api/cart/remove/
Successfully sent message to device 4: projects/fortexpress-5641c/messages/0:1754730037689691%4c3c1fe64c3c1fe6
Notification results for user 3: 1 successful, 0 failed
Bad Request: /api/login/
Not Found: /favicon.ico
Successfully sent message to device 4: projects/fortexpress-5641c/messages/0:1754815692518919%4c3c1fe64c3c1fe6
Notification results for user 3: 1 successful, 0 failed
Successfully sent message to device 4: projects/fortexpress-5641c/messages/0:1754816798192699%4c3c1fe64c3c1fe6
Notification results for user 3: 1 successful, 0 failed
Successfully sent message to device 4: projects/fortexpress-5641c/messages/0:1754816907772637%4c3c1fe64c3c1fe6
Notification results for user 3: 1 successful, 0 failed
Successfully sent message to device 4: projects/fortexpress-5641c/messages/0:1754816942241819%4c3c1fe64c3c1fe6
Notification results for user 3: 1 successful, 0 failed
Not Found: /api/api/rider-reviews/
Not Found: /api/api/rider-reviews/
Internal Server Error: /api/restaurant-reviews/
Traceback (most recent call last):
  File "C:\Users\masen\AppData\Local\pypoetry\Cache\virtualenvs\food-delivery-hwrk1EDC-py3.12\Lib\site-packages\django\db\backends\utils.py", line 105, in _execute
    return self.cursor.execute(sql, params)
           ^^^^^^^^^^^^^^^^^^^^^^^^^^^^^^^^
  File "C:\Users\masen\AppData\Local\pypoetry\Cache\virtualenvs\food-delivery-hwrk1EDC-py3.12\Lib\site-packages\django\db\backends\sqlite3\base.py", line 360, in execute
    return super().execute(query, params)
           ^^^^^^^^^^^^^^^^^^^^^^^^^^^^^^
sqlite3.OperationalError: no such table: api_orderreview

The above exception was the direct cause of the following exception:

Traceback (most recent call last):
  File "C:\Users\masen\AppData\Local\pypoetry\Cache\virtualenvs\food-delivery-hwrk1EDC-py3.12\Lib\site-packages\asgiref\sync.py", line 489, in thread_handler
    raise exc_info[1]
  File "C:\Users\masen\AppData\Local\pypoetry\Cache\virtualenvs\food-delivery-hwrk1EDC-py3.12\Lib\site-packages\django\core\handlers\exception.py", line 42, in inner
    response = await get_response(request)
               ^^^^^^^^^^^^^^^^^^^^^^^^^^^
  File "C:\Users\masen\AppData\Local\pypoetry\Cache\virtualenvs\food-delivery-hwrk1EDC-py3.12\Lib\site-packages\asgiref\sync.py", line 489, in thread_handler
    raise exc_info[1]
  File "C:\Users\masen\AppData\Local\pypoetry\Cache\virtualenvs\food-delivery-hwrk1EDC-py3.12\Lib\site-packages\django\core\handlers\base.py", line 253, in _get_response_async
    response = await wrapped_callback(
               ^^^^^^^^^^^^^^^^^^^^^^^
  File "C:\Users\masen\AppData\Local\pypoetry\Cache\virtualenvs\food-delivery-hwrk1EDC-py3.12\Lib\site-packages\asgiref\sync.py", line 439, in __call__
    ret = await asyncio.shield(exec_coro)
          ^^^^^^^^^^^^^^^^^^^^^^^^^^^^^^^
  File "C:\Users\masen\AppData\Local\pypoetry\Cache\virtualenvs\food-delivery-hwrk1EDC-py3.12\Lib\site-packages\asgiref\current_thread_executor.py", line 40, in run
    result = self.fn(*self.args, **self.kwargs)
             ^^^^^^^^^^^^^^^^^^^^^^^^^^^^^^^^^^
  File "C:\Users\masen\AppData\Local\pypoetry\Cache\virtualenvs\food-delivery-hwrk1EDC-py3.12\Lib\site-packages\asgiref\sync.py", line 493, in thread_handler
    return func(*args, **kwargs)
           ^^^^^^^^^^^^^^^^^^^^^
  File "C:\Users\masen\AppData\Local\pypoetry\Cache\virtualenvs\food-delivery-hwrk1EDC-py3.12\Lib\site-packages\django\views\decorators\csrf.py", line 65, in _view_wrapper
    return view_func(request, *args, **kwargs)
           ^^^^^^^^^^^^^^^^^^^^^^^^^^^^^^^^^^^
  File "C:\Users\masen\AppData\Local\pypoetry\Cache\virtualenvs\food-delivery-hwrk1EDC-py3.12\Lib\site-packages\rest_framework\viewsets.py", line 125, in view
    return self.dispatch(request, *args, **kwargs)
           ^^^^^^^^^^^^^^^^^^^^^^^^^^^^^^^^^^^^^^^
  File "C:\Users\masen\AppData\Local\pypoetry\Cache\virtualenvs\food-delivery-hwrk1EDC-py3.12\Lib\site-packages\rest_framework\views.py", line 515, in dispatch
    response = self.handle_exception(exc)
               ^^^^^^^^^^^^^^^^^^^^^^^^^^
  File "C:\Users\masen\AppData\Local\pypoetry\Cache\virtualenvs\food-delivery-hwrk1EDC-py3.12\Lib\site-packages\rest_framework\views.py", line 475, in handle_exception
    self.raise_uncaught_exception(exc)
  File "C:\Users\masen\AppData\Local\pypoetry\Cache\virtualenvs\food-delivery-hwrk1EDC-py3.12\Lib\site-packages\rest_framework\views.py", line 486, in raise_uncaught_exception
    raise exc
  File "C:\Users\masen\AppData\Local\pypoetry\Cache\virtualenvs\food-delivery-hwrk1EDC-py3.12\Lib\site-packages\rest_framework\views.py", line 512, in dispatch
    response = handler(request, *args, **kwargs)
               ^^^^^^^^^^^^^^^^^^^^^^^^^^^^^^^^^
  File "C:\Users\masen\AppData\Local\pypoetry\Cache\virtualenvs\food-delivery-hwrk1EDC-py3.12\Lib\site-packages\rest_framework\mixins.py", line 46, in list
    return Response(serializer.data)
                    ^^^^^^^^^^^^^^^
  File "C:\Users\masen\AppData\Local\pypoetry\Cache\virtualenvs\food-delivery-hwrk1EDC-py3.12\Lib\site-packages\rest_framework\serializers.py", line 797, in data
    ret = super().data
          ^^^^^^^^^^^^
  File "C:\Users\masen\AppData\Local\pypoetry\Cache\virtualenvs\food-delivery-hwrk1EDC-py3.12\Lib\site-packages\rest_framework\serializers.py", line 251, in data
    self._data = self.to_representation(self.instance)
                 ^^^^^^^^^^^^^^^^^^^^^^^^^^^^^^^^^^^^^
  File "C:\Users\masen\AppData\Local\pypoetry\Cache\virtualenvs\food-delivery-hwrk1EDC-py3.12\Lib\site-packages\rest_framework\serializers.py", line 715, in to_representation
    return [
           ^
  File "C:\Users\masen\AppData\Local\pypoetry\Cache\virtualenvs\food-delivery-hwrk1EDC-py3.12\Lib\site-packages\django\db\models\query.py", line 384, in __iter__
    self._fetch_all()
  File "C:\Users\masen\AppData\Local\pypoetry\Cache\virtualenvs\food-delivery-hwrk1EDC-py3.12\Lib\site-packages\django\db\models\query.py", line 1949, in _fetch_all
    self._result_cache = list(self._iterable_class(self))
                         ^^^^^^^^^^^^^^^^^^^^^^^^^^^^^^^^
  File "C:\Users\masen\AppData\Local\pypoetry\Cache\virtualenvs\food-delivery-hwrk1EDC-py3.12\Lib\site-packages\django\db\models\query.py", line 91, in __iter__
    results = compiler.execute_sql(
              ^^^^^^^^^^^^^^^^^^^^^
  File "C:\Users\masen\AppData\Local\pypoetry\Cache\virtualenvs\food-delivery-hwrk1EDC-py3.12\Lib\site-packages\django\db\models\sql\compiler.py", line 1623, in execute_sql
    cursor.execute(sql, params)
  File "C:\Users\masen\AppData\Local\pypoetry\Cache\virtualenvs\food-delivery-hwrk1EDC-py3.12\Lib\site-packages\django\db\backends\utils.py", line 122, in execute
    return super().execute(sql, params)
           ^^^^^^^^^^^^^^^^^^^^^^^^^^^^
  File "C:\Users\masen\AppData\Local\pypoetry\Cache\virtualenvs\food-delivery-hwrk1EDC-py3.12\Lib\site-packages\django\db\backends\utils.py", line 79, in execute
    return self._execute_with_wrappers(
           ^^^^^^^^^^^^^^^^^^^^^^^^^^^^
  File "C:\Users\masen\AppData\Local\pypoetry\Cache\virtualenvs\food-delivery-hwrk1EDC-py3.12\Lib\site-packages\django\db\backends\utils.py", line 92, in _execute_with_wrappers
    return executor(sql, params, many, context)
           ^^^^^^^^^^^^^^^^^^^^^^^^^^^^^^^^^^^^
  File "C:\Users\masen\AppData\Local\pypoetry\Cache\virtualenvs\food-delivery-hwrk1EDC-py3.12\Lib\site-packages\django\db\backends\utils.py", line 100, in _execute
    with self.db.wrap_database_errors:
  File "C:\Users\masen\AppData\Local\pypoetry\Cache\virtualenvs\food-delivery-hwrk1EDC-py3.12\Lib\site-packages\django\db\utils.py", line 91, in __exit__
    raise dj_exc_value.with_traceback(traceback) from exc_value
  File "C:\Users\masen\AppData\Local\pypoetry\Cache\virtualenvs\food-delivery-hwrk1EDC-py3.12\Lib\site-packages\django\db\backends\utils.py", line 105, in _execute
    return self.cursor.execute(sql, params)
           ^^^^^^^^^^^^^^^^^^^^^^^^^^^^^^^^
  File "C:\Users\masen\AppData\Local\pypoetry\Cache\virtualenvs\food-delivery-hwrk1EDC-py3.12\Lib\site-packages\django\db\backends\sqlite3\base.py", line 360, in execute
    return super().execute(query, params)
           ^^^^^^^^^^^^^^^^^^^^^^^^^^^^^^
django.db.utils.OperationalError: no such table: api_orderreview
Order 23 status changed from Accepted to Preparing. Sending notifications.
Sent order status update for order 23 to group restaurant_5
Not Found: /api/api/rider-reviews/
Internal Server Error: /api/restaurant-reviews/
Traceback (most recent call last):
  File "C:\Users\masen\AppData\Local\pypoetry\Cache\virtualenvs\food-delivery-hwrk1EDC-py3.12\Lib\site-packages\django\db\backends\utils.py", line 105, in _execute
    return self.cursor.execute(sql, params)
           ^^^^^^^^^^^^^^^^^^^^^^^^^^^^^^^^
  File "C:\Users\masen\AppData\Local\pypoetry\Cache\virtualenvs\food-delivery-hwrk1EDC-py3.12\Lib\site-packages\django\db\backends\sqlite3\base.py", line 360, in execute
    return super().execute(query, params)
           ^^^^^^^^^^^^^^^^^^^^^^^^^^^^^^
sqlite3.OperationalError: no such table: api_orderreview

The above exception was the direct cause of the following exception:

Traceback (most recent call last):
  File "C:\Users\masen\AppData\Local\pypoetry\Cache\virtualenvs\food-delivery-hwrk1EDC-py3.12\Lib\site-packages\asgiref\sync.py", line 489, in thread_handler
    raise exc_info[1]
  File "C:\Users\masen\AppData\Local\pypoetry\Cache\virtualenvs\food-delivery-hwrk1EDC-py3.12\Lib\site-packages\django\core\handlers\exception.py", line 42, in inner
    response = await get_response(request)
               ^^^^^^^^^^^^^^^^^^^^^^^^^^^
  File "C:\Users\masen\AppData\Local\pypoetry\Cache\virtualenvs\food-delivery-hwrk1EDC-py3.12\Lib\site-packages\asgiref\sync.py", line 489, in thread_handler
    raise exc_info[1]
  File "C:\Users\masen\AppData\Local\pypoetry\Cache\virtualenvs\food-delivery-hwrk1EDC-py3.12\Lib\site-packages\django\core\handlers\base.py", line 253, in _get_response_async
    response = await wrapped_callback(
               ^^^^^^^^^^^^^^^^^^^^^^^
  File "C:\Users\masen\AppData\Local\pypoetry\Cache\virtualenvs\food-delivery-hwrk1EDC-py3.12\Lib\site-packages\asgiref\sync.py", line 439, in __call__
    ret = await asyncio.shield(exec_coro)
          ^^^^^^^^^^^^^^^^^^^^^^^^^^^^^^^
  File "C:\Users\masen\AppData\Local\pypoetry\Cache\virtualenvs\food-delivery-hwrk1EDC-py3.12\Lib\site-packages\asgiref\current_thread_executor.py", line 40, in run
    result = self.fn(*self.args, **self.kwargs)
             ^^^^^^^^^^^^^^^^^^^^^^^^^^^^^^^^^^
  File "C:\Users\masen\AppData\Local\pypoetry\Cache\virtualenvs\food-delivery-hwrk1EDC-py3.12\Lib\site-packages\asgiref\sync.py", line 493, in thread_handler
    return func(*args, **kwargs)
           ^^^^^^^^^^^^^^^^^^^^^
  File "C:\Users\masen\AppData\Local\pypoetry\Cache\virtualenvs\food-delivery-hwrk1EDC-py3.12\Lib\site-packages\django\views\decorators\csrf.py", line 65, in _view_wrapper
    return view_func(request, *args, **kwargs)
           ^^^^^^^^^^^^^^^^^^^^^^^^^^^^^^^^^^^
  File "C:\Users\masen\AppData\Local\pypoetry\Cache\virtualenvs\food-delivery-hwrk1EDC-py3.12\Lib\site-packages\rest_framework\viewsets.py", line 125, in view
    return self.dispatch(request, *args, **kwargs)
           ^^^^^^^^^^^^^^^^^^^^^^^^^^^^^^^^^^^^^^^
  File "C:\Users\masen\AppData\Local\pypoetry\Cache\virtualenvs\food-delivery-hwrk1EDC-py3.12\Lib\site-packages\rest_framework\views.py", line 515, in dispatch
    response = self.handle_exception(exc)
               ^^^^^^^^^^^^^^^^^^^^^^^^^^
  File "C:\Users\masen\AppData\Local\pypoetry\Cache\virtualenvs\food-delivery-hwrk1EDC-py3.12\Lib\site-packages\rest_framework\views.py", line 475, in handle_exception
    self.raise_uncaught_exception(exc)
  File "C:\Users\masen\AppData\Local\pypoetry\Cache\virtualenvs\food-delivery-hwrk1EDC-py3.12\Lib\site-packages\rest_framework\views.py", line 486, in raise_uncaught_exception
    raise exc
  File "C:\Users\masen\AppData\Local\pypoetry\Cache\virtualenvs\food-delivery-hwrk1EDC-py3.12\Lib\site-packages\rest_framework\views.py", line 512, in dispatch
    response = handler(request, *args, **kwargs)
               ^^^^^^^^^^^^^^^^^^^^^^^^^^^^^^^^^
  File "C:\Users\masen\AppData\Local\pypoetry\Cache\virtualenvs\food-delivery-hwrk1EDC-py3.12\Lib\site-packages\rest_framework\mixins.py", line 46, in list
    return Response(serializer.data)
                    ^^^^^^^^^^^^^^^
  File "C:\Users\masen\AppData\Local\pypoetry\Cache\virtualenvs\food-delivery-hwrk1EDC-py3.12\Lib\site-packages\rest_framework\serializers.py", line 797, in data
    ret = super().data
          ^^^^^^^^^^^^
  File "C:\Users\masen\AppData\Local\pypoetry\Cache\virtualenvs\food-delivery-hwrk1EDC-py3.12\Lib\site-packages\rest_framework\serializers.py", line 251, in data
    self._data = self.to_representation(self.instance)
                 ^^^^^^^^^^^^^^^^^^^^^^^^^^^^^^^^^^^^^
  File "C:\Users\masen\AppData\Local\pypoetry\Cache\virtualenvs\food-delivery-hwrk1EDC-py3.12\Lib\site-packages\rest_framework\serializers.py", line 715, in to_representation
    return [
           ^
  File "C:\Users\masen\AppData\Local\pypoetry\Cache\virtualenvs\food-delivery-hwrk1EDC-py3.12\Lib\site-packages\django\db\models\query.py", line 384, in __iter__
    self._fetch_all()
  File "C:\Users\masen\AppData\Local\pypoetry\Cache\virtualenvs\food-delivery-hwrk1EDC-py3.12\Lib\site-packages\django\db\models\query.py", line 1949, in _fetch_all
    self._result_cache = list(self._iterable_class(self))
                         ^^^^^^^^^^^^^^^^^^^^^^^^^^^^^^^^
  File "C:\Users\masen\AppData\Local\pypoetry\Cache\virtualenvs\food-delivery-hwrk1EDC-py3.12\Lib\site-packages\django\db\models\query.py", line 91, in __iter__
    results = compiler.execute_sql(
              ^^^^^^^^^^^^^^^^^^^^^
  File "C:\Users\masen\AppData\Local\pypoetry\Cache\virtualenvs\food-delivery-hwrk1EDC-py3.12\Lib\site-packages\django\db\models\sql\compiler.py", line 1623, in execute_sql
    cursor.execute(sql, params)
  File "C:\Users\masen\AppData\Local\pypoetry\Cache\virtualenvs\food-delivery-hwrk1EDC-py3.12\Lib\site-packages\django\db\backends\utils.py", line 122, in execute
    return super().execute(sql, params)
           ^^^^^^^^^^^^^^^^^^^^^^^^^^^^
  File "C:\Users\masen\AppData\Local\pypoetry\Cache\virtualenvs\food-delivery-hwrk1EDC-py3.12\Lib\site-packages\django\db\backends\utils.py", line 79, in execute
    return self._execute_with_wrappers(
           ^^^^^^^^^^^^^^^^^^^^^^^^^^^^
  File "C:\Users\masen\AppData\Local\pypoetry\Cache\virtualenvs\food-delivery-hwrk1EDC-py3.12\Lib\site-packages\django\db\backends\utils.py", line 92, in _execute_with_wrappers
    return executor(sql, params, many, context)
           ^^^^^^^^^^^^^^^^^^^^^^^^^^^^^^^^^^^^
  File "C:\Users\masen\AppData\Local\pypoetry\Cache\virtualenvs\food-delivery-hwrk1EDC-py3.12\Lib\site-packages\django\db\backends\utils.py", line 100, in _execute
    with self.db.wrap_database_errors:
  File "C:\Users\masen\AppData\Local\pypoetry\Cache\virtualenvs\food-delivery-hwrk1EDC-py3.12\Lib\site-packages\django\db\utils.py", line 91, in __exit__
    raise dj_exc_value.with_traceback(traceback) from exc_value
  File "C:\Users\masen\AppData\Local\pypoetry\Cache\virtualenvs\food-delivery-hwrk1EDC-py3.12\Lib\site-packages\django\db\backends\utils.py", line 105, in _execute
    return self.cursor.execute(sql, params)
           ^^^^^^^^^^^^^^^^^^^^^^^^^^^^^^^^
  File "C:\Users\masen\AppData\Local\pypoetry\Cache\virtualenvs\food-delivery-hwrk1EDC-py3.12\Lib\site-packages\django\db\backends\sqlite3\base.py", line 360, in execute
    return super().execute(query, params)
           ^^^^^^^^^^^^^^^^^^^^^^^^^^^^^^
django.db.utils.OperationalError: no such table: api_orderreview
Order 24 status changed from Pending to Accepted. Sending notifications.
Sent order status update for order 24 to group restaurant_5
Internal Server Error: /api/restaurant-reviews/
Traceback (most recent call last):
  File "C:\Users\masen\AppData\Local\pypoetry\Cache\virtualenvs\food-delivery-hwrk1EDC-py3.12\Lib\site-packages\django\db\backends\utils.py", line 105, in _execute
    return self.cursor.execute(sql, params)
           ^^^^^^^^^^^^^^^^^^^^^^^^^^^^^^^^
  File "C:\Users\masen\AppData\Local\pypoetry\Cache\virtualenvs\food-delivery-hwrk1EDC-py3.12\Lib\site-packages\django\db\backends\sqlite3\base.py", line 360, in execute
    return super().execute(query, params)
           ^^^^^^^^^^^^^^^^^^^^^^^^^^^^^^
sqlite3.OperationalError: no such table: api_orderreview

The above exception was the direct cause of the following exception:

Traceback (most recent call last):
  File "C:\Users\masen\AppData\Local\pypoetry\Cache\virtualenvs\food-delivery-hwrk1EDC-py3.12\Lib\site-packages\asgiref\sync.py", line 489, in thread_handler
    raise exc_info[1]
  File "C:\Users\masen\AppData\Local\pypoetry\Cache\virtualenvs\food-delivery-hwrk1EDC-py3.12\Lib\site-packages\django\core\handlers\exception.py", line 42, in inner
    response = await get_response(request)
               ^^^^^^^^^^^^^^^^^^^^^^^^^^^
  File "C:\Users\masen\AppData\Local\pypoetry\Cache\virtualenvs\food-delivery-hwrk1EDC-py3.12\Lib\site-packages\asgiref\sync.py", line 489, in thread_handler
    raise exc_info[1]
  File "C:\Users\masen\AppData\Local\pypoetry\Cache\virtualenvs\food-delivery-hwrk1EDC-py3.12\Lib\site-packages\django\core\handlers\base.py", line 253, in _get_response_async
    response = await wrapped_callback(
               ^^^^^^^^^^^^^^^^^^^^^^^
  File "C:\Users\masen\AppData\Local\pypoetry\Cache\virtualenvs\food-delivery-hwrk1EDC-py3.12\Lib\site-packages\asgiref\sync.py", line 439, in __call__
    ret = await asyncio.shield(exec_coro)
          ^^^^^^^^^^^^^^^^^^^^^^^^^^^^^^^
  File "C:\Users\masen\AppData\Local\pypoetry\Cache\virtualenvs\food-delivery-hwrk1EDC-py3.12\Lib\site-packages\asgiref\current_thread_executor.py", line 40, in run
    result = self.fn(*self.args, **self.kwargs)
             ^^^^^^^^^^^^^^^^^^^^^^^^^^^^^^^^^^
  File "C:\Users\masen\AppData\Local\pypoetry\Cache\virtualenvs\food-delivery-hwrk1EDC-py3.12\Lib\site-packages\asgiref\sync.py", line 493, in thread_handler
    return func(*args, **kwargs)
           ^^^^^^^^^^^^^^^^^^^^^
  File "C:\Users\masen\AppData\Local\pypoetry\Cache\virtualenvs\food-delivery-hwrk1EDC-py3.12\Lib\site-packages\django\views\decorators\csrf.py", line 65, in _view_wrapper
    return view_func(request, *args, **kwargs)
           ^^^^^^^^^^^^^^^^^^^^^^^^^^^^^^^^^^^
  File "C:\Users\masen\AppData\Local\pypoetry\Cache\virtualenvs\food-delivery-hwrk1EDC-py3.12\Lib\site-packages\rest_framework\viewsets.py", line 125, in view
    return self.dispatch(request, *args, **kwargs)
           ^^^^^^^^^^^^^^^^^^^^^^^^^^^^^^^^^^^^^^^
  File "C:\Users\masen\AppData\Local\pypoetry\Cache\virtualenvs\food-delivery-hwrk1EDC-py3.12\Lib\site-packages\rest_framework\views.py", line 515, in dispatch
    response = self.handle_exception(exc)
               ^^^^^^^^^^^^^^^^^^^^^^^^^^
  File "C:\Users\masen\AppData\Local\pypoetry\Cache\virtualenvs\food-delivery-hwrk1EDC-py3.12\Lib\site-packages\rest_framework\views.py", line 475, in handle_exception
    self.raise_uncaught_exception(exc)
  File "C:\Users\masen\AppData\Local\pypoetry\Cache\virtualenvs\food-delivery-hwrk1EDC-py3.12\Lib\site-packages\rest_framework\views.py", line 486, in raise_uncaught_exception
    raise exc
  File "C:\Users\masen\AppData\Local\pypoetry\Cache\virtualenvs\food-delivery-hwrk1EDC-py3.12\Lib\site-packages\rest_framework\views.py", line 512, in dispatch
    response = handler(request, *args, **kwargs)
               ^^^^^^^^^^^^^^^^^^^^^^^^^^^^^^^^^
  File "C:\Users\masen\AppData\Local\pypoetry\Cache\virtualenvs\food-delivery-hwrk1EDC-py3.12\Lib\site-packages\rest_framework\mixins.py", line 46, in list
    return Response(serializer.data)
                    ^^^^^^^^^^^^^^^
  File "C:\Users\masen\AppData\Local\pypoetry\Cache\virtualenvs\food-delivery-hwrk1EDC-py3.12\Lib\site-packages\rest_framework\serializers.py", line 797, in data
    ret = super().data
          ^^^^^^^^^^^^
  File "C:\Users\masen\AppData\Local\pypoetry\Cache\virtualenvs\food-delivery-hwrk1EDC-py3.12\Lib\site-packages\rest_framework\serializers.py", line 251, in data
    self._data = self.to_representation(self.instance)
                 ^^^^^^^^^^^^^^^^^^^^^^^^^^^^^^^^^^^^^
  File "C:\Users\masen\AppData\Local\pypoetry\Cache\virtualenvs\food-delivery-hwrk1EDC-py3.12\Lib\site-packages\rest_framework\serializers.py", line 715, in to_representation
    return [
           ^
  File "C:\Users\masen\AppData\Local\pypoetry\Cache\virtualenvs\food-delivery-hwrk1EDC-py3.12\Lib\site-packages\django\db\models\query.py", line 384, in __iter__
    self._fetch_all()
  File "C:\Users\masen\AppData\Local\pypoetry\Cache\virtualenvs\food-delivery-hwrk1EDC-py3.12\Lib\site-packages\django\db\models\query.py", line 1949, in _fetch_all
    self._result_cache = list(self._iterable_class(self))
                         ^^^^^^^^^^^^^^^^^^^^^^^^^^^^^^^^
  File "C:\Users\masen\AppData\Local\pypoetry\Cache\virtualenvs\food-delivery-hwrk1EDC-py3.12\Lib\site-packages\django\db\models\query.py", line 91, in __iter__
    results = compiler.execute_sql(
              ^^^^^^^^^^^^^^^^^^^^^
  File "C:\Users\masen\AppData\Local\pypoetry\Cache\virtualenvs\food-delivery-hwrk1EDC-py3.12\Lib\site-packages\django\db\models\sql\compiler.py", line 1623, in execute_sql
    cursor.execute(sql, params)
  File "C:\Users\masen\AppData\Local\pypoetry\Cache\virtualenvs\food-delivery-hwrk1EDC-py3.12\Lib\site-packages\django\db\backends\utils.py", line 122, in execute
    return super().execute(sql, params)
           ^^^^^^^^^^^^^^^^^^^^^^^^^^^^
  File "C:\Users\masen\AppData\Local\pypoetry\Cache\virtualenvs\food-delivery-hwrk1EDC-py3.12\Lib\site-packages\django\db\backends\utils.py", line 79, in execute
    return self._execute_with_wrappers(
           ^^^^^^^^^^^^^^^^^^^^^^^^^^^^
  File "C:\Users\masen\AppData\Local\pypoetry\Cache\virtualenvs\food-delivery-hwrk1EDC-py3.12\Lib\site-packages\django\db\backends\utils.py", line 92, in _execute_with_wrappers
    return executor(sql, params, many, context)
           ^^^^^^^^^^^^^^^^^^^^^^^^^^^^^^^^^^^^
  File "C:\Users\masen\AppData\Local\pypoetry\Cache\virtualenvs\food-delivery-hwrk1EDC-py3.12\Lib\site-packages\django\db\backends\utils.py", line 100, in _execute
    with self.db.wrap_database_errors:
  File "C:\Users\masen\AppData\Local\pypoetry\Cache\virtualenvs\food-delivery-hwrk1EDC-py3.12\Lib\site-packages\django\db\utils.py", line 91, in __exit__
    raise dj_exc_value.with_traceback(traceback) from exc_value
  File "C:\Users\masen\AppData\Local\pypoetry\Cache\virtualenvs\food-delivery-hwrk1EDC-py3.12\Lib\site-packages\django\db\backends\utils.py", line 105, in _execute
    return self.cursor.execute(sql, params)
           ^^^^^^^^^^^^^^^^^^^^^^^^^^^^^^^^
  File "C:\Users\masen\AppData\Local\pypoetry\Cache\virtualenvs\food-delivery-hwrk1EDC-py3.12\Lib\site-packages\django\db\backends\sqlite3\base.py", line 360, in execute
    return super().execute(query, params)
           ^^^^^^^^^^^^^^^^^^^^^^^^^^^^^^
django.db.utils.OperationalError: no such table: api_orderreview
Sent new order notification for order 25 to group restaurant_5
Successfully sent message to device 4: projects/fortexpress-5641c/messages/0:1754823387630714%4c3c1fe64c3c1fe6
Notification results for user 3: 1 successful, 0 failed
Not Found: /api/restaurant-reviews/
Successfully sent message to device 4: projects/fortexpress-5641c/messages/0:1754823626824518%4c3c1fe64c3c1fe6
Notification results for user 3: 1 successful, 0 failed
Order 25 status changed from Pending to Accepted. Sending notifications.
Sent order status update for order 25 to group restaurant_5
Order 25 status changed from Accepted to Preparing. Sending notifications.
Sent order status update for order 25 to group restaurant_5
Order 25 status changed from Preparing to Ready for Pickup. Sending notifications.
Sent order status update for order 25 to group restaurant_5
Sent 'Ready for Pickup' notification for order 25 to riders.
Internal Server Error: /api/rider-orders/25/accept/
Traceback (most recent call last):
  File "C:\Users\masen\AppData\Local\pypoetry\Cache\virtualenvs\food-delivery-hwrk1EDC-py3.12\Lib\site-packages\asgiref\sync.py", line 489, in thread_handler
    raise exc_info[1]
  File "C:\Users\masen\AppData\Local\pypoetry\Cache\virtualenvs\food-delivery-hwrk1EDC-py3.12\Lib\site-packages\django\core\handlers\exception.py", line 42, in inner
    response = await get_response(request)
               ^^^^^^^^^^^^^^^^^^^^^^^^^^^
  File "C:\Users\masen\AppData\Local\pypoetry\Cache\virtualenvs\food-delivery-hwrk1EDC-py3.12\Lib\site-packages\asgiref\sync.py", line 489, in thread_handler
    raise exc_info[1]
  File "C:\Users\masen\AppData\Local\pypoetry\Cache\virtualenvs\food-delivery-hwrk1EDC-py3.12\Lib\site-packages\django\core\handlers\base.py", line 253, in _get_response_async
    response = await wrapped_callback(
               ^^^^^^^^^^^^^^^^^^^^^^^
  File "C:\Users\masen\AppData\Local\pypoetry\Cache\virtualenvs\food-delivery-hwrk1EDC-py3.12\Lib\site-packages\asgiref\sync.py", line 439, in __call__
    ret = await asyncio.shield(exec_coro)
          ^^^^^^^^^^^^^^^^^^^^^^^^^^^^^^^
  File "C:\Users\masen\AppData\Local\pypoetry\Cache\virtualenvs\food-delivery-hwrk1EDC-py3.12\Lib\site-packages\asgiref\current_thread_executor.py", line 40, in run
    result = self.fn(*self.args, **self.kwargs)
             ^^^^^^^^^^^^^^^^^^^^^^^^^^^^^^^^^^
  File "C:\Users\masen\AppData\Local\pypoetry\Cache\virtualenvs\food-delivery-hwrk1EDC-py3.12\Lib\site-packages\asgiref\sync.py", line 493, in thread_handler
    return func(*args, **kwargs)
           ^^^^^^^^^^^^^^^^^^^^^
  File "C:\Users\masen\AppData\Local\pypoetry\Cache\virtualenvs\food-delivery-hwrk1EDC-py3.12\Lib\site-packages\django\views\decorators\csrf.py", line 65, in _view_wrapper
    return view_func(request, *args, **kwargs)
           ^^^^^^^^^^^^^^^^^^^^^^^^^^^^^^^^^^^
  File "C:\Users\masen\AppData\Local\pypoetry\Cache\virtualenvs\food-delivery-hwrk1EDC-py3.12\Lib\site-packages\rest_framework\viewsets.py", line 125, in view
    return self.dispatch(request, *args, **kwargs)
           ^^^^^^^^^^^^^^^^^^^^^^^^^^^^^^^^^^^^^^^
  File "C:\Users\masen\AppData\Local\pypoetry\Cache\virtualenvs\food-delivery-hwrk1EDC-py3.12\Lib\site-packages\rest_framework\views.py", line 515, in dispatch
    response = self.handle_exception(exc)
               ^^^^^^^^^^^^^^^^^^^^^^^^^^
  File "C:\Users\masen\AppData\Local\pypoetry\Cache\virtualenvs\food-delivery-hwrk1EDC-py3.12\Lib\site-packages\rest_framework\views.py", line 475, in handle_exception
    self.raise_uncaught_exception(exc)
  File "C:\Users\masen\AppData\Local\pypoetry\Cache\virtualenvs\food-delivery-hwrk1EDC-py3.12\Lib\site-packages\rest_framework\views.py", line 486, in raise_uncaught_exception
    raise exc
  File "C:\Users\masen\AppData\Local\pypoetry\Cache\virtualenvs\food-delivery-hwrk1EDC-py3.12\Lib\site-packages\rest_framework\views.py", line 512, in dispatch
    response = handler(request, *args, **kwargs)
               ^^^^^^^^^^^^^^^^^^^^^^^^^^^^^^^^^
  File "C:\Users\masen\CascadeProjects\food-delivery-app\backend\api\views.py", line 843, in accept
    order.rider = request.user
    ^^^^^^^^^^^
  File "C:\Users\masen\AppData\Local\pypoetry\Cache\virtualenvs\food-delivery-hwrk1EDC-py3.12\Lib\site-packages\django\db\models\fields\related_descriptors.py", line 291, in __set__
    raise ValueError(
ValueError: Cannot assign "<User: aaronmasendi@gmail.com>": "Order.rider" must be a "RiderProfile" instance.
Internal Server Error: /api/rider-orders/
Traceback (most recent call last):
  File "C:\Users\masen\AppData\Local\pypoetry\Cache\virtualenvs\food-delivery-hwrk1EDC-py3.12\Lib\site-packages\asgiref\sync.py", line 489, in thread_handler
    raise exc_info[1]
  File "C:\Users\masen\AppData\Local\pypoetry\Cache\virtualenvs\food-delivery-hwrk1EDC-py3.12\Lib\site-packages\django\core\handlers\exception.py", line 42, in inner
    response = await get_response(request)
               ^^^^^^^^^^^^^^^^^^^^^^^^^^^
  File "C:\Users\masen\AppData\Local\pypoetry\Cache\virtualenvs\food-delivery-hwrk1EDC-py3.12\Lib\site-packages\asgiref\sync.py", line 489, in thread_handler
    raise exc_info[1]
  File "C:\Users\masen\AppData\Local\pypoetry\Cache\virtualenvs\food-delivery-hwrk1EDC-py3.12\Lib\site-packages\django\core\handlers\base.py", line 253, in _get_response_async
    response = await wrapped_callback(
               ^^^^^^^^^^^^^^^^^^^^^^^
  File "C:\Users\masen\AppData\Local\pypoetry\Cache\virtualenvs\food-delivery-hwrk1EDC-py3.12\Lib\site-packages\asgiref\sync.py", line 439, in __call__
    ret = await asyncio.shield(exec_coro)
          ^^^^^^^^^^^^^^^^^^^^^^^^^^^^^^^
  File "C:\Users\masen\AppData\Local\pypoetry\Cache\virtualenvs\food-delivery-hwrk1EDC-py3.12\Lib\site-packages\asgiref\current_thread_executor.py", line 40, in run
    result = self.fn(*self.args, **self.kwargs)
             ^^^^^^^^^^^^^^^^^^^^^^^^^^^^^^^^^^
  File "C:\Users\masen\AppData\Local\pypoetry\Cache\virtualenvs\food-delivery-hwrk1EDC-py3.12\Lib\site-packages\asgiref\sync.py", line 493, in thread_handler
    return func(*args, **kwargs)
           ^^^^^^^^^^^^^^^^^^^^^
  File "C:\Users\masen\AppData\Local\pypoetry\Cache\virtualenvs\food-delivery-hwrk1EDC-py3.12\Lib\site-packages\django\views\decorators\csrf.py", line 65, in _view_wrapper
    return view_func(request, *args, **kwargs)
           ^^^^^^^^^^^^^^^^^^^^^^^^^^^^^^^^^^^
  File "C:\Users\masen\AppData\Local\pypoetry\Cache\virtualenvs\food-delivery-hwrk1EDC-py3.12\Lib\site-packages\rest_framework\viewsets.py", line 125, in view
    return self.dispatch(request, *args, **kwargs)
           ^^^^^^^^^^^^^^^^^^^^^^^^^^^^^^^^^^^^^^^
  File "C:\Users\masen\AppData\Local\pypoetry\Cache\virtualenvs\food-delivery-hwrk1EDC-py3.12\Lib\site-packages\rest_framework\views.py", line 515, in dispatch
    response = self.handle_exception(exc)
               ^^^^^^^^^^^^^^^^^^^^^^^^^^
  File "C:\Users\masen\AppData\Local\pypoetry\Cache\virtualenvs\food-delivery-hwrk1EDC-py3.12\Lib\site-packages\rest_framework\views.py", line 475, in handle_exception
    self.raise_uncaught_exception(exc)
  File "C:\Users\masen\AppData\Local\pypoetry\Cache\virtualenvs\food-delivery-hwrk1EDC-py3.12\Lib\site-packages\rest_framework\views.py", line 486, in raise_uncaught_exception
    raise exc
  File "C:\Users\masen\AppData\Local\pypoetry\Cache\virtualenvs\food-delivery-hwrk1EDC-py3.12\Lib\site-packages\rest_framework\views.py", line 512, in dispatch
    response = handler(request, *args, **kwargs)
               ^^^^^^^^^^^^^^^^^^^^^^^^^^^^^^^^^
  File "C:\Users\masen\AppData\Local\pypoetry\Cache\virtualenvs\food-delivery-hwrk1EDC-py3.12\Lib\site-packages\rest_framework\mixins.py", line 38, in list
    queryset = self.filter_queryset(self.get_queryset())
                                    ^^^^^^^^^^^^^^^^^^^
  File "C:\Users\masen\CascadeProjects\food-delivery-app\backend\api\views.py", line 831, in get_queryset
    return Order.objects.filter(rider=self.request.user).order_by('-created_at')
           ^^^^^^^^^^^^^^^^^^^^^^^^^^^^^^^^^^^^^^^^^^^^^
  File "C:\Users\masen\AppData\Local\pypoetry\Cache\virtualenvs\food-delivery-hwrk1EDC-py3.12\Lib\site-packages\django\db\models\manager.py", line 87, in manager_method
    return getattr(self.get_queryset(), name)(*args, **kwargs)
           ^^^^^^^^^^^^^^^^^^^^^^^^^^^^^^^^^^^^^^^^^^^^^^^^^^^
  File "C:\Users\masen\AppData\Local\pypoetry\Cache\virtualenvs\food-delivery-hwrk1EDC-py3.12\Lib\site-packages\django\db\models\query.py", line 1493, in filter
    return self._filter_or_exclude(False, args, kwargs)
           ^^^^^^^^^^^^^^^^^^^^^^^^^^^^^^^^^^^^^^^^^^^^
  File "C:\Users\masen\AppData\Local\pypoetry\Cache\virtualenvs\food-delivery-hwrk1EDC-py3.12\Lib\site-packages\django\db\models\query.py", line 1511, in _filter_or_exclude
    clone._filter_or_exclude_inplace(negate, args, kwargs)
  File "C:\Users\masen\AppData\Local\pypoetry\Cache\virtualenvs\food-delivery-hwrk1EDC-py3.12\Lib\site-packages\django\db\models\query.py", line 1518, in _filter_or_exclude_inplace
    self._query.add_q(Q(*args, **kwargs))
  File "C:\Users\masen\AppData\Local\pypoetry\Cache\virtualenvs\food-delivery-hwrk1EDC-py3.12\Lib\site-packages\django\db\models\sql\query.py", line 1646, in add_q
    clause, _ = self._add_q(q_object, can_reuse)
                ^^^^^^^^^^^^^^^^^^^^^^^^^^^^^^^^
  File "C:\Users\masen\AppData\Local\pypoetry\Cache\virtualenvs\food-delivery-hwrk1EDC-py3.12\Lib\site-packages\django\db\models\sql\query.py", line 1678, in _add_q
    child_clause, needed_inner = self.build_filter(
                                 ^^^^^^^^^^^^^^^^^^
  File "C:\Users\masen\AppData\Local\pypoetry\Cache\virtualenvs\food-delivery-hwrk1EDC-py3.12\Lib\site-packages\django\db\models\sql\query.py", line 1563, in build_filter
    self.check_related_objects(join_info.final_field, value, join_info.opts)
  File "C:\Users\masen\AppData\Local\pypoetry\Cache\virtualenvs\food-delivery-hwrk1EDC-py3.12\Lib\site-packages\django\db\models\sql\query.py", line 1372, in check_related_objects
    self.check_query_object_type(value, opts, field)
  File "C:\Users\masen\AppData\Local\pypoetry\Cache\virtualenvs\food-delivery-hwrk1EDC-py3.12\Lib\site-packages\django\db\models\sql\query.py", line 1349, in check_query_object_type
    raise ValueError(
ValueError: Cannot query "aaronmasendi@gmail.com": Must be "RiderProfile" instance.
Internal Server Error: /api/restaurants/
Traceback (most recent call last):
  File "C:\Users\masen\AppData\Local\pypoetry\Cache\virtualenvs\food-delivery-hwrk1EDC-py3.12\Lib\site-packages\asgiref\sync.py", line 489, in thread_handler
    raise exc_info[1]
  File "C:\Users\masen\AppData\Local\pypoetry\Cache\virtualenvs\food-delivery-hwrk1EDC-py3.12\Lib\site-packages\django\core\handlers\exception.py", line 42, in inner
    response = await get_response(request)
               ^^^^^^^^^^^^^^^^^^^^^^^^^^^
  File "C:\Users\masen\AppData\Local\pypoetry\Cache\virtualenvs\food-delivery-hwrk1EDC-py3.12\Lib\site-packages\asgiref\sync.py", line 489, in thread_handler
    raise exc_info[1]
  File "C:\Users\masen\AppData\Local\pypoetry\Cache\virtualenvs\food-delivery-hwrk1EDC-py3.12\Lib\site-packages\django\core\handlers\base.py", line 253, in _get_response_async
    response = await wrapped_callback(
               ^^^^^^^^^^^^^^^^^^^^^^^
  File "C:\Users\masen\AppData\Local\pypoetry\Cache\virtualenvs\food-delivery-hwrk1EDC-py3.12\Lib\site-packages\asgiref\sync.py", line 439, in __call__
    ret = await asyncio.shield(exec_coro)
          ^^^^^^^^^^^^^^^^^^^^^^^^^^^^^^^
  File "C:\Users\masen\AppData\Local\pypoetry\Cache\virtualenvs\food-delivery-hwrk1EDC-py3.12\Lib\site-packages\asgiref\current_thread_executor.py", line 40, in run
    result = self.fn(*self.args, **self.kwargs)
             ^^^^^^^^^^^^^^^^^^^^^^^^^^^^^^^^^^
  File "C:\Users\masen\AppData\Local\pypoetry\Cache\virtualenvs\food-delivery-hwrk1EDC-py3.12\Lib\site-packages\asgiref\sync.py", line 493, in thread_handler
    return func(*args, **kwargs)
           ^^^^^^^^^^^^^^^^^^^^^
  File "C:\Users\masen\AppData\Local\pypoetry\Cache\virtualenvs\food-delivery-hwrk1EDC-py3.12\Lib\site-packages\django\views\decorators\csrf.py", line 65, in _view_wrapper
    return view_func(request, *args, **kwargs)
           ^^^^^^^^^^^^^^^^^^^^^^^^^^^^^^^^^^^
  File "C:\Users\masen\AppData\Local\pypoetry\Cache\virtualenvs\food-delivery-hwrk1EDC-py3.12\Lib\site-packages\rest_framework\viewsets.py", line 125, in view
    return self.dispatch(request, *args, **kwargs)
           ^^^^^^^^^^^^^^^^^^^^^^^^^^^^^^^^^^^^^^^
  File "C:\Users\masen\AppData\Local\pypoetry\Cache\virtualenvs\food-delivery-hwrk1EDC-py3.12\Lib\site-packages\rest_framework\views.py", line 515, in dispatch
    response = self.handle_exception(exc)
               ^^^^^^^^^^^^^^^^^^^^^^^^^^
  File "C:\Users\masen\AppData\Local\pypoetry\Cache\virtualenvs\food-delivery-hwrk1EDC-py3.12\Lib\site-packages\rest_framework\views.py", line 475, in handle_exception
    self.raise_uncaught_exception(exc)
  File "C:\Users\masen\AppData\Local\pypoetry\Cache\virtualenvs\food-delivery-hwrk1EDC-py3.12\Lib\site-packages\rest_framework\views.py", line 486, in raise_uncaught_exception
    raise exc
  File "C:\Users\masen\AppData\Local\pypoetry\Cache\virtualenvs\food-delivery-hwrk1EDC-py3.12\Lib\site-packages\rest_framework\views.py", line 512, in dispatch
    response = handler(request, *args, **kwargs)
               ^^^^^^^^^^^^^^^^^^^^^^^^^^^^^^^^^
  File "C:\Users\masen\AppData\Local\pypoetry\Cache\virtualenvs\food-delivery-hwrk1EDC-py3.12\Lib\site-packages\rest_framework\mixins.py", line 38, in list
    queryset = self.filter_queryset(self.get_queryset())
                                    ^^^^^^^^^^^^^^^^^^^
  File "C:\Users\masen\CascadeProjects\food-delivery-app\backend\api\views.py", line 234, in get_queryset
    queryset = Restaurant.objects.filter(is_approved=True).annotate(
               ^^^^^^^^^^^^^^^^^^^^^^^^^^^^^^^^^^^^^^^^^^^^^^^^^^^^^
  File "C:\Users\masen\AppData\Local\pypoetry\Cache\virtualenvs\food-delivery-hwrk1EDC-py3.12\Lib\site-packages\django\db\models\query.py", line 1649, in annotate
    return self._annotate(args, kwargs, select=True)
           ^^^^^^^^^^^^^^^^^^^^^^^^^^^^^^^^^^^^^^^^^
  File "C:\Users\masen\AppData\Local\pypoetry\Cache\virtualenvs\food-delivery-hwrk1EDC-py3.12\Lib\site-packages\django\db\models\query.py", line 1701, in _annotate
    clone.query.add_annotation(
  File "C:\Users\masen\AppData\Local\pypoetry\Cache\virtualenvs\food-delivery-hwrk1EDC-py3.12\Lib\site-packages\django\db\models\sql\query.py", line 1218, in add_annotation
    annotation = annotation.resolve_expression(self, allow_joins=True, reuse=None)
                 ^^^^^^^^^^^^^^^^^^^^^^^^^^^^^^^^^^^^^^^^^^^^^^^^^^^^^^^^^^^^^^^^^
  File "C:\Users\masen\AppData\Local\pypoetry\Cache\virtualenvs\food-delivery-hwrk1EDC-py3.12\Lib\site-packages\django\db\models\aggregates.py", line 63, in resolve_expression
    c = super().resolve_expression(query, allow_joins, reuse, summarize)
        ^^^^^^^^^^^^^^^^^^^^^^^^^^^^^^^^^^^^^^^^^^^^^^^^^^^^^^^^^^^^^^^^
  File "C:\Users\masen\AppData\Local\pypoetry\Cache\virtualenvs\food-delivery-hwrk1EDC-py3.12\Lib\site-packages\django\db\models\expressions.py", line 300, in resolve_expression
    expr.resolve_expression(query, allow_joins, reuse, summarize, for_save)
  File "C:\Users\masen\AppData\Local\pypoetry\Cache\virtualenvs\food-delivery-hwrk1EDC-py3.12\Lib\site-packages\django\db\models\expressions.py", line 902, in resolve_expression
    return query.resolve_ref(self.name, allow_joins, reuse, summarize)
           ^^^^^^^^^^^^^^^^^^^^^^^^^^^^^^^^^^^^^^^^^^^^^^^^^^^^^^^^^^^
  File "C:\Users\masen\AppData\Local\pypoetry\Cache\virtualenvs\food-delivery-hwrk1EDC-py3.12\Lib\site-packages\django\db\models\sql\query.py", line 2049, in resolve_ref
    join_info = self.setup_joins(
                ^^^^^^^^^^^^^^^^^
  File "C:\Users\masen\AppData\Local\pypoetry\Cache\virtualenvs\food-delivery-hwrk1EDC-py3.12\Lib\site-packages\django\db\models\sql\query.py", line 1900, in setup_joins
    path, final_field, targets, rest = self.names_to_path(
                                       ^^^^^^^^^^^^^^^^^^^
  File "C:\Users\masen\AppData\Local\pypoetry\Cache\virtualenvs\food-delivery-hwrk1EDC-py3.12\Lib\site-packages\django\db\models\sql\query.py", line 1805, in names_to_path
    raise FieldError(
django.core.exceptions.FieldError: Cannot resolve keyword 'orders' into field. Choices are: address, bills, categories, created_at, email, id, image_url, is_approved, latitude, longitude, name, order, order_protocol, owner, owner_id, phone_number, updated_at
Sent new order notification for order 26 to group restaurant_5
Order 26 status changed from Pending to Accepted. Sending notifications.
Sent order status update for order 26 to group restaurant_5
Order 26 status changed from Accepted to Preparing. Sending notifications.
Sent order status update for order 26 to group restaurant_5
Order 26 status changed from Preparing to Ready for Pickup. Sending notifications.
Sent order status update for order 26 to group restaurant_5
Sent 'Ready for Pickup' notification for order 26 to riders.
Internal Server Error: /api/bills/
Traceback (most recent call last):
  File "C:\Users\masen\AppData\Local\pypoetry\Cache\virtualenvs\food-delivery-hwrk1EDC-py3.12\Lib\site-packages\asgiref\sync.py", line 489, in thread_handler
    raise exc_info[1]
  File "C:\Users\masen\AppData\Local\pypoetry\Cache\virtualenvs\food-delivery-hwrk1EDC-py3.12\Lib\site-packages\django\core\handlers\exception.py", line 42, in inner
    response = await get_response(request)
               ^^^^^^^^^^^^^^^^^^^^^^^^^^^
  File "C:\Users\masen\AppData\Local\pypoetry\Cache\virtualenvs\food-delivery-hwrk1EDC-py3.12\Lib\site-packages\asgiref\sync.py", line 489, in thread_handler
    raise exc_info[1]
  File "C:\Users\masen\AppData\Local\pypoetry\Cache\virtualenvs\food-delivery-hwrk1EDC-py3.12\Lib\site-packages\django\core\handlers\base.py", line 253, in _get_response_async
    response = await wrapped_callback(
               ^^^^^^^^^^^^^^^^^^^^^^^
  File "C:\Users\masen\AppData\Local\pypoetry\Cache\virtualenvs\food-delivery-hwrk1EDC-py3.12\Lib\site-packages\asgiref\sync.py", line 439, in __call__
    ret = await asyncio.shield(exec_coro)
          ^^^^^^^^^^^^^^^^^^^^^^^^^^^^^^^
  File "C:\Users\masen\AppData\Local\pypoetry\Cache\virtualenvs\food-delivery-hwrk1EDC-py3.12\Lib\site-packages\asgiref\current_thread_executor.py", line 40, in run
    result = self.fn(*self.args, **self.kwargs)
             ^^^^^^^^^^^^^^^^^^^^^^^^^^^^^^^^^^
  File "C:\Users\masen\AppData\Local\pypoetry\Cache\virtualenvs\food-delivery-hwrk1EDC-py3.12\Lib\site-packages\asgiref\sync.py", line 493, in thread_handler
    return func(*args, **kwargs)
           ^^^^^^^^^^^^^^^^^^^^^
  File "C:\Users\masen\AppData\Local\pypoetry\Cache\virtualenvs\food-delivery-hwrk1EDC-py3.12\Lib\site-packages\django\views\decorators\csrf.py", line 65, in _view_wrapper
    return view_func(request, *args, **kwargs)
           ^^^^^^^^^^^^^^^^^^^^^^^^^^^^^^^^^^^
  File "C:\Users\masen\AppData\Local\pypoetry\Cache\virtualenvs\food-delivery-hwrk1EDC-py3.12\Lib\site-packages\rest_framework\viewsets.py", line 125, in view
    return self.dispatch(request, *args, **kwargs)
           ^^^^^^^^^^^^^^^^^^^^^^^^^^^^^^^^^^^^^^^
  File "C:\Users\masen\AppData\Local\pypoetry\Cache\virtualenvs\food-delivery-hwrk1EDC-py3.12\Lib\site-packages\rest_framework\views.py", line 515, in dispatch
    response = self.handle_exception(exc)
               ^^^^^^^^^^^^^^^^^^^^^^^^^^
  File "C:\Users\masen\AppData\Local\pypoetry\Cache\virtualenvs\food-delivery-hwrk1EDC-py3.12\Lib\site-packages\rest_framework\views.py", line 475, in handle_exception
    self.raise_uncaught_exception(exc)
  File "C:\Users\masen\AppData\Local\pypoetry\Cache\virtualenvs\food-delivery-hwrk1EDC-py3.12\Lib\site-packages\rest_framework\views.py", line 486, in raise_uncaught_exception
    raise exc
  File "C:\Users\masen\AppData\Local\pypoetry\Cache\virtualenvs\food-delivery-hwrk1EDC-py3.12\Lib\site-packages\rest_framework\views.py", line 512, in dispatch
    response = handler(request, *args, **kwargs)
               ^^^^^^^^^^^^^^^^^^^^^^^^^^^^^^^^^
  File "C:\Users\masen\AppData\Local\pypoetry\Cache\virtualenvs\food-delivery-hwrk1EDC-py3.12\Lib\site-packages\rest_framework\mixins.py", line 38, in list
    queryset = self.filter_queryset(self.get_queryset())
                                    ^^^^^^^^^^^^^^^^^^^
  File "C:\Users\masen\CascadeProjects\food-delivery-app\backend\api\views.py", line 822, in get_queryset
    return Bill.objects.filter(restaurant=restaurant).order_by('-created_at')
           ^^^^
NameError: name 'Bill' is not defined
Internal Server Error: /api/bills/
Traceback (most recent call last):
  File "C:\Users\masen\AppData\Local\pypoetry\Cache\virtualenvs\food-delivery-hwrk1EDC-py3.12\Lib\site-packages\asgiref\sync.py", line 489, in thread_handler
    raise exc_info[1]
  File "C:\Users\masen\AppData\Local\pypoetry\Cache\virtualenvs\food-delivery-hwrk1EDC-py3.12\Lib\site-packages\django\core\handlers\exception.py", line 42, in inner
    response = await get_response(request)
               ^^^^^^^^^^^^^^^^^^^^^^^^^^^
  File "C:\Users\masen\AppData\Local\pypoetry\Cache\virtualenvs\food-delivery-hwrk1EDC-py3.12\Lib\site-packages\asgiref\sync.py", line 489, in thread_handler
    raise exc_info[1]
  File "C:\Users\masen\AppData\Local\pypoetry\Cache\virtualenvs\food-delivery-hwrk1EDC-py3.12\Lib\site-packages\django\core\handlers\base.py", line 253, in _get_response_async
    response = await wrapped_callback(
               ^^^^^^^^^^^^^^^^^^^^^^^
  File "C:\Users\masen\AppData\Local\pypoetry\Cache\virtualenvs\food-delivery-hwrk1EDC-py3.12\Lib\site-packages\asgiref\sync.py", line 439, in __call__
    ret = await asyncio.shield(exec_coro)
          ^^^^^^^^^^^^^^^^^^^^^^^^^^^^^^^
  File "C:\Users\masen\AppData\Local\pypoetry\Cache\virtualenvs\food-delivery-hwrk1EDC-py3.12\Lib\site-packages\asgiref\current_thread_executor.py", line 40, in run
    result = self.fn(*self.args, **self.kwargs)
             ^^^^^^^^^^^^^^^^^^^^^^^^^^^^^^^^^^
  File "C:\Users\masen\AppData\Local\pypoetry\Cache\virtualenvs\food-delivery-hwrk1EDC-py3.12\Lib\site-packages\asgiref\sync.py", line 493, in thread_handler
    return func(*args, **kwargs)
           ^^^^^^^^^^^^^^^^^^^^^
  File "C:\Users\masen\AppData\Local\pypoetry\Cache\virtualenvs\food-delivery-hwrk1EDC-py3.12\Lib\site-packages\django\views\decorators\csrf.py", line 65, in _view_wrapper
    return view_func(request, *args, **kwargs)
           ^^^^^^^^^^^^^^^^^^^^^^^^^^^^^^^^^^^
  File "C:\Users\masen\AppData\Local\pypoetry\Cache\virtualenvs\food-delivery-hwrk1EDC-py3.12\Lib\site-packages\rest_framework\viewsets.py", line 125, in view
    return self.dispatch(request, *args, **kwargs)
           ^^^^^^^^^^^^^^^^^^^^^^^^^^^^^^^^^^^^^^^
  File "C:\Users\masen\AppData\Local\pypoetry\Cache\virtualenvs\food-delivery-hwrk1EDC-py3.12\Lib\site-packages\rest_framework\views.py", line 515, in dispatch
    response = self.handle_exception(exc)
               ^^^^^^^^^^^^^^^^^^^^^^^^^^
  File "C:\Users\masen\AppData\Local\pypoetry\Cache\virtualenvs\food-delivery-hwrk1EDC-py3.12\Lib\site-packages\rest_framework\views.py", line 475, in handle_exception
    self.raise_uncaught_exception(exc)
  File "C:\Users\masen\AppData\Local\pypoetry\Cache\virtualenvs\food-delivery-hwrk1EDC-py3.12\Lib\site-packages\rest_framework\views.py", line 486, in raise_uncaught_exception
    raise exc
  File "C:\Users\masen\AppData\Local\pypoetry\Cache\virtualenvs\food-delivery-hwrk1EDC-py3.12\Lib\site-packages\rest_framework\views.py", line 512, in dispatch
    response = handler(request, *args, **kwargs)
               ^^^^^^^^^^^^^^^^^^^^^^^^^^^^^^^^^
  File "C:\Users\masen\AppData\Local\pypoetry\Cache\virtualenvs\food-delivery-hwrk1EDC-py3.12\Lib\site-packages\rest_framework\mixins.py", line 38, in list
    queryset = self.filter_queryset(self.get_queryset())
                                    ^^^^^^^^^^^^^^^^^^^
  File "C:\Users\masen\CascadeProjects\food-delivery-app\backend\api\views.py", line 822, in get_queryset
    return Bill.objects.filter(restaurant=restaurant).order_by('-created_at')
           ^^^^
NameError: name 'Bill' is not defined
Internal Server Error: /api/restaurants/
Traceback (most recent call last):
  File "C:\Users\masen\AppData\Local\pypoetry\Cache\virtualenvs\food-delivery-hwrk1EDC-py3.12\Lib\site-packages\django\db\backends\utils.py", line 105, in _execute
    return self.cursor.execute(sql, params)
           ^^^^^^^^^^^^^^^^^^^^^^^^^^^^^^^^
  File "C:\Users\masen\AppData\Local\pypoetry\Cache\virtualenvs\food-delivery-hwrk1EDC-py3.12\Lib\site-packages\django\db\backends\sqlite3\base.py", line 360, in execute
    return super().execute(query, params)
           ^^^^^^^^^^^^^^^^^^^^^^^^^^^^^^
sqlite3.OperationalError: no such column: api_orderreview.restaurant_id

The above exception was the direct cause of the following exception:

Traceback (most recent call last):
  File "C:\Users\masen\AppData\Local\pypoetry\Cache\virtualenvs\food-delivery-hwrk1EDC-py3.12\Lib\site-packages\asgiref\sync.py", line 489, in thread_handler
    raise exc_info[1]
  File "C:\Users\masen\AppData\Local\pypoetry\Cache\virtualenvs\food-delivery-hwrk1EDC-py3.12\Lib\site-packages\django\core\handlers\exception.py", line 42, in inner
    response = await get_response(request)
               ^^^^^^^^^^^^^^^^^^^^^^^^^^^
  File "C:\Users\masen\AppData\Local\pypoetry\Cache\virtualenvs\food-delivery-hwrk1EDC-py3.12\Lib\site-packages\asgiref\sync.py", line 489, in thread_handler
    raise exc_info[1]
  File "C:\Users\masen\AppData\Local\pypoetry\Cache\virtualenvs\food-delivery-hwrk1EDC-py3.12\Lib\site-packages\django\core\handlers\base.py", line 253, in _get_response_async
    response = await wrapped_callback(
               ^^^^^^^^^^^^^^^^^^^^^^^
  File "C:\Users\masen\AppData\Local\pypoetry\Cache\virtualenvs\food-delivery-hwrk1EDC-py3.12\Lib\site-packages\asgiref\sync.py", line 439, in __call__
    ret = await asyncio.shield(exec_coro)
          ^^^^^^^^^^^^^^^^^^^^^^^^^^^^^^^
  File "C:\Users\masen\AppData\Local\pypoetry\Cache\virtualenvs\food-delivery-hwrk1EDC-py3.12\Lib\site-packages\asgiref\current_thread_executor.py", line 40, in run
    result = self.fn(*self.args, **self.kwargs)
             ^^^^^^^^^^^^^^^^^^^^^^^^^^^^^^^^^^
  File "C:\Users\masen\AppData\Local\pypoetry\Cache\virtualenvs\food-delivery-hwrk1EDC-py3.12\Lib\site-packages\asgiref\sync.py", line 493, in thread_handler
    return func(*args, **kwargs)
           ^^^^^^^^^^^^^^^^^^^^^
  File "C:\Users\masen\AppData\Local\pypoetry\Cache\virtualenvs\food-delivery-hwrk1EDC-py3.12\Lib\site-packages\django\views\decorators\csrf.py", line 65, in _view_wrapper
    return view_func(request, *args, **kwargs)
           ^^^^^^^^^^^^^^^^^^^^^^^^^^^^^^^^^^^
  File "C:\Users\masen\AppData\Local\pypoetry\Cache\virtualenvs\food-delivery-hwrk1EDC-py3.12\Lib\site-packages\rest_framework\viewsets.py", line 125, in view
    return self.dispatch(request, *args, **kwargs)
           ^^^^^^^^^^^^^^^^^^^^^^^^^^^^^^^^^^^^^^^
  File "C:\Users\masen\AppData\Local\pypoetry\Cache\virtualenvs\food-delivery-hwrk1EDC-py3.12\Lib\site-packages\rest_framework\views.py", line 515, in dispatch
    response = self.handle_exception(exc)
               ^^^^^^^^^^^^^^^^^^^^^^^^^^
  File "C:\Users\masen\AppData\Local\pypoetry\Cache\virtualenvs\food-delivery-hwrk1EDC-py3.12\Lib\site-packages\rest_framework\views.py", line 475, in handle_exception
    self.raise_uncaught_exception(exc)
  File "C:\Users\masen\AppData\Local\pypoetry\Cache\virtualenvs\food-delivery-hwrk1EDC-py3.12\Lib\site-packages\rest_framework\views.py", line 486, in raise_uncaught_exception
    raise exc
  File "C:\Users\masen\AppData\Local\pypoetry\Cache\virtualenvs\food-delivery-hwrk1EDC-py3.12\Lib\site-packages\rest_framework\views.py", line 512, in dispatch
    response = handler(request, *args, **kwargs)
               ^^^^^^^^^^^^^^^^^^^^^^^^^^^^^^^^^
  File "C:\Users\masen\AppData\Local\pypoetry\Cache\virtualenvs\food-delivery-hwrk1EDC-py3.12\Lib\site-packages\rest_framework\mixins.py", line 46, in list
    return Response(serializer.data)
                    ^^^^^^^^^^^^^^^
  File "C:\Users\masen\AppData\Local\pypoetry\Cache\virtualenvs\food-delivery-hwrk1EDC-py3.12\Lib\site-packages\rest_framework\serializers.py", line 797, in data
    ret = super().data
          ^^^^^^^^^^^^
  File "C:\Users\masen\AppData\Local\pypoetry\Cache\virtualenvs\food-delivery-hwrk1EDC-py3.12\Lib\site-packages\rest_framework\serializers.py", line 251, in data
    self._data = self.to_representation(self.instance)
                 ^^^^^^^^^^^^^^^^^^^^^^^^^^^^^^^^^^^^^
  File "C:\Users\masen\AppData\Local\pypoetry\Cache\virtualenvs\food-delivery-hwrk1EDC-py3.12\Lib\site-packages\rest_framework\serializers.py", line 715, in to_representation
    return [
           ^
  File "C:\Users\masen\AppData\Local\pypoetry\Cache\virtualenvs\food-delivery-hwrk1EDC-py3.12\Lib\site-packages\django\db\models\query.py", line 384, in __iter__
    self._fetch_all()
  File "C:\Users\masen\AppData\Local\pypoetry\Cache\virtualenvs\food-delivery-hwrk1EDC-py3.12\Lib\site-packages\django\db\models\query.py", line 1949, in _fetch_all
    self._result_cache = list(self._iterable_class(self))
                         ^^^^^^^^^^^^^^^^^^^^^^^^^^^^^^^^
  File "C:\Users\masen\AppData\Local\pypoetry\Cache\virtualenvs\food-delivery-hwrk1EDC-py3.12\Lib\site-packages\django\db\models\query.py", line 91, in __iter__
    results = compiler.execute_sql(
              ^^^^^^^^^^^^^^^^^^^^^
  File "C:\Users\masen\AppData\Local\pypoetry\Cache\virtualenvs\food-delivery-hwrk1EDC-py3.12\Lib\site-packages\django\db\models\sql\compiler.py", line 1623, in execute_sql
    cursor.execute(sql, params)
  File "C:\Users\masen\AppData\Local\pypoetry\Cache\virtualenvs\food-delivery-hwrk1EDC-py3.12\Lib\site-packages\django\db\backends\utils.py", line 122, in execute
    return super().execute(sql, params)
           ^^^^^^^^^^^^^^^^^^^^^^^^^^^^
  File "C:\Users\masen\AppData\Local\pypoetry\Cache\virtualenvs\food-delivery-hwrk1EDC-py3.12\Lib\site-packages\django\db\backends\utils.py", line 79, in execute
    return self._execute_with_wrappers(
           ^^^^^^^^^^^^^^^^^^^^^^^^^^^^
  File "C:\Users\masen\AppData\Local\pypoetry\Cache\virtualenvs\food-delivery-hwrk1EDC-py3.12\Lib\site-packages\django\db\backends\utils.py", line 92, in _execute_with_wrappers
    return executor(sql, params, many, context)
           ^^^^^^^^^^^^^^^^^^^^^^^^^^^^^^^^^^^^
  File "C:\Users\masen\AppData\Local\pypoetry\Cache\virtualenvs\food-delivery-hwrk1EDC-py3.12\Lib\site-packages\django\db\backends\utils.py", line 100, in _execute
    with self.db.wrap_database_errors:
  File "C:\Users\masen\AppData\Local\pypoetry\Cache\virtualenvs\food-delivery-hwrk1EDC-py3.12\Lib\site-packages\django\db\utils.py", line 91, in __exit__
    raise dj_exc_value.with_traceback(traceback) from exc_value
  File "C:\Users\masen\AppData\Local\pypoetry\Cache\virtualenvs\food-delivery-hwrk1EDC-py3.12\Lib\site-packages\django\db\backends\utils.py", line 105, in _execute
    return self.cursor.execute(sql, params)
           ^^^^^^^^^^^^^^^^^^^^^^^^^^^^^^^^
  File "C:\Users\masen\AppData\Local\pypoetry\Cache\virtualenvs\food-delivery-hwrk1EDC-py3.12\Lib\site-packages\django\db\backends\sqlite3\base.py", line 360, in execute
    return super().execute(query, params)
           ^^^^^^^^^^^^^^^^^^^^^^^^^^^^^^
django.db.utils.OperationalError: no such column: api_orderreview.restaurant_id
Internal Server Error: /api/restaurant/reviews/
Traceback (most recent call last):
  File "C:\Users\masen\AppData\Local\pypoetry\Cache\virtualenvs\food-delivery-hwrk1EDC-py3.12\Lib\site-packages\django\db\backends\utils.py", line 105, in _execute
    return self.cursor.execute(sql, params)
           ^^^^^^^^^^^^^^^^^^^^^^^^^^^^^^^^
  File "C:\Users\masen\AppData\Local\pypoetry\Cache\virtualenvs\food-delivery-hwrk1EDC-py3.12\Lib\site-packages\django\db\backends\sqlite3\base.py", line 360, in execute
    return super().execute(query, params)
           ^^^^^^^^^^^^^^^^^^^^^^^^^^^^^^
sqlite3.OperationalError: no such column: api_orderreview.restaurant_id

The above exception was the direct cause of the following exception:

Traceback (most recent call last):
  File "C:\Users\masen\AppData\Local\pypoetry\Cache\virtualenvs\food-delivery-hwrk1EDC-py3.12\Lib\site-packages\asgiref\sync.py", line 489, in thread_handler
    raise exc_info[1]
  File "C:\Users\masen\AppData\Local\pypoetry\Cache\virtualenvs\food-delivery-hwrk1EDC-py3.12\Lib\site-packages\django\core\handlers\exception.py", line 42, in inner
    response = await get_response(request)
               ^^^^^^^^^^^^^^^^^^^^^^^^^^^
  File "C:\Users\masen\AppData\Local\pypoetry\Cache\virtualenvs\food-delivery-hwrk1EDC-py3.12\Lib\site-packages\asgiref\sync.py", line 489, in thread_handler
    raise exc_info[1]
  File "C:\Users\masen\AppData\Local\pypoetry\Cache\virtualenvs\food-delivery-hwrk1EDC-py3.12\Lib\site-packages\django\core\handlers\base.py", line 253, in _get_response_async
    response = await wrapped_callback(
               ^^^^^^^^^^^^^^^^^^^^^^^
  File "C:\Users\masen\AppData\Local\pypoetry\Cache\virtualenvs\food-delivery-hwrk1EDC-py3.12\Lib\site-packages\asgiref\sync.py", line 439, in __call__
    ret = await asyncio.shield(exec_coro)
          ^^^^^^^^^^^^^^^^^^^^^^^^^^^^^^^
  File "C:\Users\masen\AppData\Local\pypoetry\Cache\virtualenvs\food-delivery-hwrk1EDC-py3.12\Lib\site-packages\asgiref\current_thread_executor.py", line 40, in run
    result = self.fn(*self.args, **self.kwargs)
             ^^^^^^^^^^^^^^^^^^^^^^^^^^^^^^^^^^
  File "C:\Users\masen\AppData\Local\pypoetry\Cache\virtualenvs\food-delivery-hwrk1EDC-py3.12\Lib\site-packages\asgiref\sync.py", line 493, in thread_handler
    return func(*args, **kwargs)
           ^^^^^^^^^^^^^^^^^^^^^
  File "C:\Users\masen\AppData\Local\pypoetry\Cache\virtualenvs\food-delivery-hwrk1EDC-py3.12\Lib\site-packages\django\views\decorators\csrf.py", line 65, in _view_wrapper
    return view_func(request, *args, **kwargs)
           ^^^^^^^^^^^^^^^^^^^^^^^^^^^^^^^^^^^
  File "C:\Users\masen\AppData\Local\pypoetry\Cache\virtualenvs\food-delivery-hwrk1EDC-py3.12\Lib\site-packages\django\views\generic\base.py", line 105, in view
    return self.dispatch(request, *args, **kwargs)
           ^^^^^^^^^^^^^^^^^^^^^^^^^^^^^^^^^^^^^^^
  File "C:\Users\masen\AppData\Local\pypoetry\Cache\virtualenvs\food-delivery-hwrk1EDC-py3.12\Lib\site-packages\rest_framework\views.py", line 515, in dispatch
    response = self.handle_exception(exc)
               ^^^^^^^^^^^^^^^^^^^^^^^^^^
  File "C:\Users\masen\AppData\Local\pypoetry\Cache\virtualenvs\food-delivery-hwrk1EDC-py3.12\Lib\site-packages\rest_framework\views.py", line 475, in handle_exception
    self.raise_uncaught_exception(exc)
  File "C:\Users\masen\AppData\Local\pypoetry\Cache\virtualenvs\food-delivery-hwrk1EDC-py3.12\Lib\site-packages\rest_framework\views.py", line 486, in raise_uncaught_exception
    raise exc
  File "C:\Users\masen\AppData\Local\pypoetry\Cache\virtualenvs\food-delivery-hwrk1EDC-py3.12\Lib\site-packages\rest_framework\views.py", line 512, in dispatch
    response = handler(request, *args, **kwargs)
               ^^^^^^^^^^^^^^^^^^^^^^^^^^^^^^^^^
  File "C:\Users\masen\AppData\Local\pypoetry\Cache\virtualenvs\food-delivery-hwrk1EDC-py3.12\Lib\site-packages\rest_framework\generics.py", line 203, in get
    return self.list(request, *args, **kwargs)
           ^^^^^^^^^^^^^^^^^^^^^^^^^^^^^^^^^^^
  File "C:\Users\masen\AppData\Local\pypoetry\Cache\virtualenvs\food-delivery-hwrk1EDC-py3.12\Lib\site-packages\rest_framework\mixins.py", line 46, in list
    return Response(serializer.data)
                    ^^^^^^^^^^^^^^^
  File "C:\Users\masen\AppData\Local\pypoetry\Cache\virtualenvs\food-delivery-hwrk1EDC-py3.12\Lib\site-packages\rest_framework\serializers.py", line 797, in data
    ret = super().data
          ^^^^^^^^^^^^
  File "C:\Users\masen\AppData\Local\pypoetry\Cache\virtualenvs\food-delivery-hwrk1EDC-py3.12\Lib\site-packages\rest_framework\serializers.py", line 251, in data
    self._data = self.to_representation(self.instance)
                 ^^^^^^^^^^^^^^^^^^^^^^^^^^^^^^^^^^^^^
  File "C:\Users\masen\AppData\Local\pypoetry\Cache\virtualenvs\food-delivery-hwrk1EDC-py3.12\Lib\site-packages\rest_framework\serializers.py", line 715, in to_representation
    return [
           ^
  File "C:\Users\masen\AppData\Local\pypoetry\Cache\virtualenvs\food-delivery-hwrk1EDC-py3.12\Lib\site-packages\django\db\models\query.py", line 384, in __iter__
    self._fetch_all()
  File "C:\Users\masen\AppData\Local\pypoetry\Cache\virtualenvs\food-delivery-hwrk1EDC-py3.12\Lib\site-packages\django\db\models\query.py", line 1949, in _fetch_all
    self._result_cache = list(self._iterable_class(self))
                         ^^^^^^^^^^^^^^^^^^^^^^^^^^^^^^^^
  File "C:\Users\masen\AppData\Local\pypoetry\Cache\virtualenvs\food-delivery-hwrk1EDC-py3.12\Lib\site-packages\django\db\models\query.py", line 91, in __iter__
    results = compiler.execute_sql(
              ^^^^^^^^^^^^^^^^^^^^^
  File "C:\Users\masen\AppData\Local\pypoetry\Cache\virtualenvs\food-delivery-hwrk1EDC-py3.12\Lib\site-packages\django\db\models\sql\compiler.py", line 1623, in execute_sql
    cursor.execute(sql, params)
  File "C:\Users\masen\AppData\Local\pypoetry\Cache\virtualenvs\food-delivery-hwrk1EDC-py3.12\Lib\site-packages\django\db\backends\utils.py", line 122, in execute
    return super().execute(sql, params)
           ^^^^^^^^^^^^^^^^^^^^^^^^^^^^
  File "C:\Users\masen\AppData\Local\pypoetry\Cache\virtualenvs\food-delivery-hwrk1EDC-py3.12\Lib\site-packages\django\db\backends\utils.py", line 79, in execute
    return self._execute_with_wrappers(
           ^^^^^^^^^^^^^^^^^^^^^^^^^^^^
  File "C:\Users\masen\AppData\Local\pypoetry\Cache\virtualenvs\food-delivery-hwrk1EDC-py3.12\Lib\site-packages\django\db\backends\utils.py", line 92, in _execute_with_wrappers
    return executor(sql, params, many, context)
           ^^^^^^^^^^^^^^^^^^^^^^^^^^^^^^^^^^^^
  File "C:\Users\masen\AppData\Local\pypoetry\Cache\virtualenvs\food-delivery-hwrk1EDC-py3.12\Lib\site-packages\django\db\backends\utils.py", line 100, in _execute
    with self.db.wrap_database_errors:
  File "C:\Users\masen\AppData\Local\pypoetry\Cache\virtualenvs\food-delivery-hwrk1EDC-py3.12\Lib\site-packages\django\db\utils.py", line 91, in __exit__
    raise dj_exc_value.with_traceback(traceback) from exc_value
  File "C:\Users\masen\AppData\Local\pypoetry\Cache\virtualenvs\food-delivery-hwrk1EDC-py3.12\Lib\site-packages\django\db\backends\utils.py", line 105, in _execute
    return self.cursor.execute(sql, params)
           ^^^^^^^^^^^^^^^^^^^^^^^^^^^^^^^^
  File "C:\Users\masen\AppData\Local\pypoetry\Cache\virtualenvs\food-delivery-hwrk1EDC-py3.12\Lib\site-packages\django\db\backends\sqlite3\base.py", line 360, in execute
    return super().execute(query, params)
           ^^^^^^^^^^^^^^^^^^^^^^^^^^^^^^
django.db.utils.OperationalError: no such column: api_orderreview.restaurant_id
Unauthorized: /api/orders/
Unauthorized: /api/orders/
Unauthorized: /api/devices/
Unauthorized: /api/restaurant-orders/
Unauthorized: /api/profile/customer/
Unauthorized: /api/addresses/
Unauthorized: /api/orders/
Unauthorized: /api/cart/
Unauthorized: /api/dietary-preferences/
Internal Server Error: /api/rider/signup/
Traceback (most recent call last):
  File "C:\Users\masen\AppData\Local\pypoetry\Cache\virtualenvs\food-delivery-hwrk1EDC-py3.12\Lib\site-packages\asgiref\sync.py", line 489, in thread_handler
    raise exc_info[1]
  File "C:\Users\masen\AppData\Local\pypoetry\Cache\virtualenvs\food-delivery-hwrk1EDC-py3.12\Lib\site-packages\django\core\handlers\exception.py", line 42, in inner
    response = await get_response(request)
               ^^^^^^^^^^^^^^^^^^^^^^^^^^^
  File "C:\Users\masen\AppData\Local\pypoetry\Cache\virtualenvs\food-delivery-hwrk1EDC-py3.12\Lib\site-packages\asgiref\sync.py", line 489, in thread_handler
    raise exc_info[1]
  File "C:\Users\masen\AppData\Local\pypoetry\Cache\virtualenvs\food-delivery-hwrk1EDC-py3.12\Lib\site-packages\django\core\handlers\base.py", line 253, in _get_response_async
    response = await wrapped_callback(
               ^^^^^^^^^^^^^^^^^^^^^^^
  File "C:\Users\masen\AppData\Local\pypoetry\Cache\virtualenvs\food-delivery-hwrk1EDC-py3.12\Lib\site-packages\asgiref\sync.py", line 439, in __call__
    ret = await asyncio.shield(exec_coro)
          ^^^^^^^^^^^^^^^^^^^^^^^^^^^^^^^
  File "C:\Users\masen\AppData\Local\pypoetry\Cache\virtualenvs\food-delivery-hwrk1EDC-py3.12\Lib\site-packages\asgiref\current_thread_executor.py", line 40, in run
    result = self.fn(*self.args, **self.kwargs)
             ^^^^^^^^^^^^^^^^^^^^^^^^^^^^^^^^^^
  File "C:\Users\masen\AppData\Local\pypoetry\Cache\virtualenvs\food-delivery-hwrk1EDC-py3.12\Lib\site-packages\asgiref\sync.py", line 493, in thread_handler
    return func(*args, **kwargs)
           ^^^^^^^^^^^^^^^^^^^^^
  File "C:\Users\masen\AppData\Local\pypoetry\Cache\virtualenvs\food-delivery-hwrk1EDC-py3.12\Lib\site-packages\django\views\decorators\csrf.py", line 65, in _view_wrapper
    return view_func(request, *args, **kwargs)
           ^^^^^^^^^^^^^^^^^^^^^^^^^^^^^^^^^^^
  File "C:\Users\masen\AppData\Local\pypoetry\Cache\virtualenvs\food-delivery-hwrk1EDC-py3.12\Lib\site-packages\django\views\generic\base.py", line 105, in view
    return self.dispatch(request, *args, **kwargs)
           ^^^^^^^^^^^^^^^^^^^^^^^^^^^^^^^^^^^^^^^
  File "C:\Users\masen\AppData\Local\pypoetry\Cache\virtualenvs\food-delivery-hwrk1EDC-py3.12\Lib\site-packages\rest_framework\views.py", line 515, in dispatch
    response = self.handle_exception(exc)
               ^^^^^^^^^^^^^^^^^^^^^^^^^^
  File "C:\Users\masen\AppData\Local\pypoetry\Cache\virtualenvs\food-delivery-hwrk1EDC-py3.12\Lib\site-packages\rest_framework\views.py", line 475, in handle_exception
    self.raise_uncaught_exception(exc)
  File "C:\Users\masen\AppData\Local\pypoetry\Cache\virtualenvs\food-delivery-hwrk1EDC-py3.12\Lib\site-packages\rest_framework\views.py", line 486, in raise_uncaught_exception
    raise exc
  File "C:\Users\masen\AppData\Local\pypoetry\Cache\virtualenvs\food-delivery-hwrk1EDC-py3.12\Lib\site-packages\rest_framework\views.py", line 512, in dispatch
    response = handler(request, *args, **kwargs)
               ^^^^^^^^^^^^^^^^^^^^^^^^^^^^^^^^^
  File "C:\Users\masen\AppData\Local\pypoetry\Cache\virtualenvs\food-delivery-hwrk1EDC-py3.12\Lib\site-packages\rest_framework\generics.py", line 194, in post
    return self.create(request, *args, **kwargs)
           ^^^^^^^^^^^^^^^^^^^^^^^^^^^^^^^^^^^^^
  File "C:\Users\masen\AppData\Local\pypoetry\Cache\virtualenvs\food-delivery-hwrk1EDC-py3.12\Lib\site-packages\rest_framework\mixins.py", line 19, in create
    self.perform_create(serializer)
  File "C:\Users\masen\AppData\Local\pypoetry\Cache\virtualenvs\food-delivery-hwrk1EDC-py3.12\Lib\site-packages\rest_framework\mixins.py", line 24, in perform_create
    serializer.save()
  File "C:\Users\masen\AppData\Local\pypoetry\Cache\virtualenvs\food-delivery-hwrk1EDC-py3.12\Lib\site-packages\rest_framework\serializers.py", line 210, in save
    self.instance = self.create(validated_data)
                    ^^^^^^^^^^^^^^^^^^^^^^^^^^^
  File "C:\Users\masen\CascadeProjects\food-delivery-app\backend\api\serializers.py", line 445, in create
    RiderProfile.objects.create(user=user)
    ^^^^^^^^^^^^
NameError: name 'RiderProfile' is not defined
Unauthorized: /api/restaurant-orders/
Unauthorized: /api/restaurant-orders/
Bad Request: /api/register/
Bad Request: /api/register/
Bad Request: /api/register/restaurant/
Not Found: /favicon.ico
Successfully sent message to device 1: projects/fortexpress-5641c/messages/0:1754846526152041%4c3c1fe64c3c1fe6
Notification results for user 4: 1 successful, 0 failed
Not Found: /api/menu-items/create/
Not Found: /api/menu-items/
Not Found: /api/menu-items/
Sent new order notification for order 1 to group restaurant_4
Order 1 status changed from Pending to Accepted. Sending notifications.
Sent order status update for order 1 to group restaurant_4
Order 1 status changed from Accepted to Preparing. Sending notifications.
Sent order status update for order 1 to group restaurant_4
Order 1 status changed from Preparing to Ready for Pickup. Sending notifications.
Sent order status update for order 1 to group restaurant_4
Sent 'Ready for Pickup' notification for order 1 to riders.
Sent new order notification for order 2 to group restaurant_4
Successfully sent message to device 1: projects/fortexpress-5641c/messages/0:1754852380012262%4c3c1fe64c3c1fe6
Notification results for user 4: 1 successful, 0 failed
Not Found: /favicon.ico
Successfully sent message to device 1: projects/fortexpress-5641c/messages/0:1754890480914038%4c3c1fe64c3c1fe6
Notification results for user 4: 1 successful, 0 failed
Order 2 status changed from Pending to Accepted. Sending notifications.
Sent order status update for order 2 to group restaurant_4
Order 2 status changed from Accepted to Preparing. Sending notifications.
Sent order status update for order 2 to group restaurant_4
Order 2 status changed from Preparing to Ready for Pickup. Sending notifications.
Sent order status update for order 2 to group restaurant_4
Sent 'Ready for Pickup' notification for order 2 to riders.
Sent 'Ready for Pickup' notification for order 2 to riders.
Successfully sent message to device 1: projects/fortexpress-5641c/messages/0:1754891702829871%4c3c1fe64c3c1fe6
Notification results for user 4: 1 successful, 0 failed
Sent new order notification for order 3 to group restaurant_4
Order 3 status changed from Pending to Accepted. Sending notifications.
Sent order status update for order 3 to group restaurant_4
Order 3 status changed from Accepted to Preparing. Sending notifications.
Sent order status update for order 3 to group restaurant_4
Order 3 status changed from Preparing to Ready for Pickup. Sending notifications.
Sent order status update for order 3 to group restaurant_4
Sent 'Ready for Pickup' notification for order 3 to riders.
Internal Server Error: /api/order-reviews/
Traceback (most recent call last):
  File "C:\Users\masen\AppData\Local\pypoetry\Cache\virtualenvs\food-delivery-hwrk1EDC-py3.12\Lib\site-packages\asgiref\sync.py", line 489, in thread_handler
    raise exc_info[1]
  File "C:\Users\masen\AppData\Local\pypoetry\Cache\virtualenvs\food-delivery-hwrk1EDC-py3.12\Lib\site-packages\django\core\handlers\exception.py", line 42, in inner
    response = await get_response(request)
               ^^^^^^^^^^^^^^^^^^^^^^^^^^^
  File "C:\Users\masen\AppData\Local\pypoetry\Cache\virtualenvs\food-delivery-hwrk1EDC-py3.12\Lib\site-packages\asgiref\sync.py", line 489, in thread_handler
    raise exc_info[1]
  File "C:\Users\masen\AppData\Local\pypoetry\Cache\virtualenvs\food-delivery-hwrk1EDC-py3.12\Lib\site-packages\django\core\handlers\base.py", line 253, in _get_response_async
    response = await wrapped_callback(
               ^^^^^^^^^^^^^^^^^^^^^^^
  File "C:\Users\masen\AppData\Local\pypoetry\Cache\virtualenvs\food-delivery-hwrk1EDC-py3.12\Lib\site-packages\asgiref\sync.py", line 439, in __call__
    ret = await asyncio.shield(exec_coro)
          ^^^^^^^^^^^^^^^^^^^^^^^^^^^^^^^
  File "C:\Users\masen\AppData\Local\pypoetry\Cache\virtualenvs\food-delivery-hwrk1EDC-py3.12\Lib\site-packages\asgiref\current_thread_executor.py", line 40, in run
    result = self.fn(*self.args, **self.kwargs)
             ^^^^^^^^^^^^^^^^^^^^^^^^^^^^^^^^^^
  File "C:\Users\masen\AppData\Local\pypoetry\Cache\virtualenvs\food-delivery-hwrk1EDC-py3.12\Lib\site-packages\asgiref\sync.py", line 493, in thread_handler
    return func(*args, **kwargs)
           ^^^^^^^^^^^^^^^^^^^^^
  File "C:\Users\masen\AppData\Local\pypoetry\Cache\virtualenvs\food-delivery-hwrk1EDC-py3.12\Lib\site-packages\django\views\decorators\csrf.py", line 65, in _view_wrapper
    return view_func(request, *args, **kwargs)
           ^^^^^^^^^^^^^^^^^^^^^^^^^^^^^^^^^^^
  File "C:\Users\masen\AppData\Local\pypoetry\Cache\virtualenvs\food-delivery-hwrk1EDC-py3.12\Lib\site-packages\rest_framework\viewsets.py", line 125, in view
    return self.dispatch(request, *args, **kwargs)
           ^^^^^^^^^^^^^^^^^^^^^^^^^^^^^^^^^^^^^^^
  File "C:\Users\masen\AppData\Local\pypoetry\Cache\virtualenvs\food-delivery-hwrk1EDC-py3.12\Lib\site-packages\rest_framework\views.py", line 515, in dispatch
    response = self.handle_exception(exc)
               ^^^^^^^^^^^^^^^^^^^^^^^^^^
  File "C:\Users\masen\AppData\Local\pypoetry\Cache\virtualenvs\food-delivery-hwrk1EDC-py3.12\Lib\site-packages\rest_framework\views.py", line 475, in handle_exception
    self.raise_uncaught_exception(exc)
  File "C:\Users\masen\AppData\Local\pypoetry\Cache\virtualenvs\food-delivery-hwrk1EDC-py3.12\Lib\site-packages\rest_framework\views.py", line 486, in raise_uncaught_exception
    raise exc
  File "C:\Users\masen\AppData\Local\pypoetry\Cache\virtualenvs\food-delivery-hwrk1EDC-py3.12\Lib\site-packages\rest_framework\views.py", line 512, in dispatch
    response = handler(request, *args, **kwargs)
               ^^^^^^^^^^^^^^^^^^^^^^^^^^^^^^^^^
  File "C:\Users\masen\AppData\Local\pypoetry\Cache\virtualenvs\food-delivery-hwrk1EDC-py3.12\Lib\site-packages\rest_framework\mixins.py", line 19, in create
    self.perform_create(serializer)
  File "C:\Users\masen\CascadeProjects\food-delivery-app\backend\api\views.py", line 1151, in perform_create
    if not order.status == Order.DELIVERED:
                           ^^^^^^^^^^^^^^^
AttributeError: type object 'Order' has no attribute 'DELIVERED'
